1,61.5,1782
2,93.4,1730
3,84.5,1716
4,98.4,1734
5,41.3,1766
6,66.8,1809
7,87.3,1773
8,64.7,1719
9,83.5,1851
10,104.1,1775
11,70.9,1852
12,90.5,1900
13,32.7,1740
14,69.9,1693
15,93.3,1878
16,101.0,1755
17,72.8,1833
18,56.0,1810
19,101.3,1730
20,76.0,1792
21,66.6,1950
22,93.0,1928
23,85.0,1724
24,91.0,1738
25,94.5,1873
26,79.1,1766
27,68.4,1853
28,74.9,1718
29,91.5,1778
30,83.9,1751
31,79.2,1717
32,63.4,1923
33,102.3,1891
34,88.4,1843
35,83.4,1885
36,79.2,1853
37,78.5,1718
38,64.3,1733
39,71.6,1668
40,81.1,1883
41,100.6,1834
42,69.6,1918
43,90.8,1741
44,95.6,1829
45,94.2,1813
46,78.4,1821
47,81.5,1809
48,70.3,1793
49,94.4,1725
50,60.7,1824
51,85.4,1856
52,84.9,1800
53,70.8,1787
54,77.1,1838
55,96.0,1853
56,97.1,1742
57,88.4,1837
58,60.4,1863
59,50.1,1709
60,56.5,1790
61,102.9,1863
62,87.0,1818
63,60.1,1794
64,58.4,1823
65,70.0,1871
66,79.6,1722
67,68.3,1875
68,64.1,1772
69,71.8,1797
70,89.5,1902
71,69.9,1906
72,51.7,1847
73,97.0,1891
74,79.0,1895
75,69.6,1902
76,78.4,1950
77,71.3,1768
78,81.8,1802
79,69.8,1817
80,102.0,1723
81,73.9,1772
82,71.3,1754
83,16.9,1801
84,85.9,1838
85,93.8,1763
86,69.5,1860
87,93.6,1850
88,87.3,1853
89,54.7,1906
90,68.9,1658
91,90.1,1745
92,64.3,1816
93,74.5,1847
94,80.0,1826
95,81.6,1888
96,66.7,1868
97,76.8,1743
98,113.2,1907
99,65.2,1762
100,77.5,1817
101,84.3,1798
102,85.7,1839
103,55.9,1809
104,73.0,1763
105,84.5,1840
106,84.2,1853
107,44.2,1851
108,56.5,1662
109,79.9,1720
110,71.3,1791
111,59.3,1753
112,90.1,1733
113,48.8,1802
114,91.0,1857
115,77.8,1914
116,66.8,1833
117,71.2,1752
118,71.5,1787
119,78.7,1861
120,78.0,1805
121,91.2,1820
122,77.3,1848
123,86.9,1851
124,87.2,1819
125,78.2,1723
126,72.2,1748
127,71.4,1748
128,72.7,1773
129,81.0,1928
130,70.1,1948
131,67.7,1793
132,76.4,1767
133,58.1,1782
134,71.7,1748
135,67.1,1785
136,75.8,1767
137,60.4,1766
138,93.5,1878
139,79.9,1879
140,80.9,1865
141,50.2,1813
142,53.1,1772
143,64.3,1703
144,64.4,1738
145,83.2,1753
146,71.9,1763
147,49.9,1786
148,81.0,1759
149,69.7,1744
150,67.4,1814
151,59.0,1804
152,82.2,1878
153,86.3,1776
154,86.0,1725
155,97.5,1923
156,81.7,1748
157,67.1,1772
158,87.2,1825
159,69.4,1802
160,58.1,1795
161,62.1,1794
162,65.7,1793
163,61.2,1836
164,83.6,1755
165,76.3,1788
166,63.9,1821
167,81.1,1847
168,69.1,1801
169,68.8,1783
170,49.8,1771
171,44.2,1800
172,49.4,1805
173,76.1,1935
174,91.4,1888
175,52.6,1798
176,70.8,1749
177,77.2,1724
178,42.8,1924
179,88.7,1845
180,102.0,1817
181,81.9,1803
182,67.8,1807
183,73.0,1719
184,85.9,1851
185,66.6,1820
186,49.5,1691
187,62.1,1857
188,60.1,1966
189,97.7,1817
190,61.6,1693
191,52.8,1828
192,71.5,1882
193,91.7,1799
194,25.5,1772
195,67.2,1799
196,66.9,1908
197,94.4,1712
198,70.5,1782
199,46.1,1788
200,99.0,1753
201,73.7,1774
202,94.8,1911
203,76.1,1782
204,71.0,1940
205,96.3,1818
206,90.0,1850
207,100.6,1812
208,86.7,1743
209,71.0,1817
210,88.9,1822
211,93.3,1765
212,84.1,1844
213,69.3,1910
214,39.9,1758
215,82.4,1846
216,96.0,1825
217,64.5,1820
218,85.8,1826
219,57.1,1671
220,75.3,1847
221,45.4,1795
222,93.7,1785
223,78.8,1806
224,85.9,1826
225,74.1,1824
226,88.2,1576
227,88.2,1867
228,74.4,1881
229,63.1,1781
230,87.4,1770
231,108.2,1891
232,62.9,1865
233,60.0,1885
234,57.5,1739
235,90.7,1710
236,104.4,1825
237,53.1,1824
238,92.2,1732
239,79.7,1848
240,54.0,1771
241,67.9,1704
242,73.6,1912
243,49.2,1799
244,79.0,1761
245,83.0,1776
246,86.8,1760
247,64.3,1777
248,82.9,1784
249,59.4,1880
250,84.6,1742
251,73.4,1746
252,74.2,1866
253,99.8,1834
254,102.0,1831
255,93.1,1851
256,61.2,1785
257,49.2,1792
258,76.3,1805
259,64.8,1772
260,79.7,1889
261,75.5,1766
262,65.5,1763
263,51.5,1800
264,52.3,1741
265,81.3,1759
266,82.7,1890
267,74.2,1941
268,82.7,1653
269,85.7,1733
270,84.6,1778
271,73.4,1763
272,74.2,1761
273,69.1,1729
274,87.2,1848
275,71.8,1846
276,88.9,1752
277,70.1,1703
278,62.5,1826
279,73.5,1682
280,79.4,1747
281,62.8,1774
282,84.1,1899
283,100.7,1785
284,72.4,1778
285,85.7,1821
286,69.5,1836
287,81.2,1883
288,68.7,1703
289,61.1,1829
290,62.6,1842
291,81.7,1797
292,65.4,1783
293,58.3,1740
294,91.7,1744
295,43.2,1853
296,60.3,1797
297,74.8,1829
298,105.5,1840
299,46.4,1833
300,75.0,1781
301,67.0,1775
302,91.6,1765
303,92.0,1804
304,72.4,1828
305,68.3,1756
306,80.8,1784
307,66.3,1806
308,62.0,1839
309,83.6,1644
310,86.2,1843
311,58.1,1725
312,80.1,1786
313,89.9,1823
314,83.1,1825
315,83.4,1776
316,62.1,1905
317,81.2,1718
318,95.5,1781
319,47.9,1722
320,69.1,1808
321,81.5,1707
322,102.0,1694
323,92.5,1765
324,63.5,1806
325,87.1,1754
326,73.7,1855
327,69.8,1822
328,88.7,1787
329,82.1,1787
330,93.1,1833
331,77.1,1835
332,73.5,1845
333,76.4,1791
334,100.4,1720
335,78.5,1833
336,73.5,1761
337,54.4,1723
338,74.0,1790
339,81.0,1758
340,91.5,1794
341,72.8,1875
342,82.9,1716
343,57.4,1804
344,95.6,1893
345,57.8,1739
346,56.5,1844
347,70.3,1861
348,80.7,1735
349,71.4,1838
350,77.1,1890
351,104.4,1741
352,57.5,1920
353,83.8,1838
354,79.6,1919
355,95.1,1736
356,65.6,1801
357,63.5,1876
358,74.7,1737
359,72.4,1743
360,58.9,1717
361,62.7,1929
362,55.0,1722
363,96.1,1663
364,73.0,1694
365,99.0,1802
366,81.7,1805
367,59.6,1783
368,93.9,1798
369,53.6,1676
370,65.2,1853
371,55.7,1775
372,68.3,1898
373,80.1,1720
374,110.4,1794
375,69.0,1754
376,70.8,1719
377,87.4,1872
378,99.4,1729
379,73.5,1848
380,58.0,1809
381,96.8,1818
382,46.3,1878
383,82.8,1851
384,62.5,1862
385,82.3,1805
386,79.3,1800
387,68.7,1828
388,94.7,1821
389,50.9,1898
390,62.9,1749
391,91.4,1793
392,82.6,1725
393,80.1,1802
394,77.6,1743
395,88.7,1920
396,94.5,1764
397,62.8,1880
398,73.9,1781
399,70.8,1798
400,84.5,1862
401,75.7,1731
402,69.0,1783
403,83.4,1801
404,89.1,1964
405,69.9,1715
406,67.3,1708
407,90.4,1710
408,77.8,1766
409,74.3,1709
410,71.1,1772
411,69.3,1890
412,73.0,1807
413,105.9,1788
414,88.4,1788
415,68.3,1764
416,80.3,1901
417,79.2,1795
418,79.2,1900
419,57.6,1743
420,65.9,1755
421,88.4,1837
422,71.8,1813
423,85.0,1854
424,77.3,1755
425,72.8,1810
426,83.3,1768
427,74.4,1950
428,71.9,1735
429,80.0,1864
430,84.6,1732
431,60.5,1835
432,76.1,1788
433,89.0,1843
434,88.2,1902
435,74.1,1823
436,67.2,1798
437,55.1,1753
438,67.1,1742
439,65.8,1783
440,67.0,1724
441,81.0,1757
442,46.2,1780
443,96.8,1715
444,67.7,1767
445,84.8,1858
446,60.6,1715
447,72.8,1853
448,90.3,1755
449,76.0,1738
450,100.1,1740
451,79.0,1680
452,88.7,1759
453,79.2,1791
454,74.4,1775
455,110.0,1792
456,71.8,1755
457,88.9,1824
458,104.4,1821
459,63.7,1809
460,101.2,1818
461,89.6,1816
462,96.0,1742
463,97.2,1739
464,56.6,1794
465,84.9,1845
466,78.2,1869
467,63.4,1784
468,83.1,1750
469,59.5,1879
470,82.3,1814
471,75.8,1651
472,101.6,1864
473,83.5,1765
474,70.9,1842
475,63.1,1785
476,65.7,1874
477,72.9,1773
478,52.6,1737
479,76.1,1725
480,70.6,1717
481,94.7,1825
482,94.2,1832
483,69.2,1815
484,86.6,1664
485,91.4,1774
486,77.9,1863
487,101.8,1714
488,63.3,1973
489,82.2,1770
490,80.5,1842
491,68.7,1833
492,63.2,1749
493,83.5,1805
494,95.5,1683
495,92.5,1835
496,89.1,1736
497,60.7,1889
498,73.1,1856
499,75.5,1718
500,71.9,1874
501,86.3,1803
502,72.8,1816
503,82.6,1741
504,89.6,1833
505,69.7,1875
506,60.5,1861
507,48.6,1769
508,76.6,1829
509,92.1,1773
510,48.2,1782
511,76.1,1782
512,68.1,1827
513,73.8,1775
514,97.1,1813
515,76.4,1830
516,68.2,1772
517,114.5,1800
518,72.5,1790
519,76.5,1801
520,63.1,1832
521,83.7,1738
522,81.8,1789
523,69.6,1743
524,25.4,1748
525,65.0,1759
526,55.0,1851
527,79.5,1736
528,59.7,1860
529,45.0,1713
530,76.4,1701
531,65.0,1828
532,68.9,1967
533,83.1,1885
534,49.7,1858
535,85.0,1841
536,70.8,1743
537,53.5,1773
538,85.8,1885
539,86.9,1777
540,61.7,1780
541,84.0,1791
542,85.6,1704
543,91.1,1799
544,66.2,1713
545,109.5,1782
546,82.1,1937
547,50.6,1841
548,83.2,1705
549,83.1,1826
550,74.8,1611
551,56.4,1837
552,92.7,1752
553,96.7,1720
554,79.6,1780
555,86.9,1784
556,70.5,1772
557,82.5,1868
558,77.2,1683
559,67.2,1901
560,85.7,1868
561,75.1,1924
562,81.1,1765
563,70.7,1826
564,78.6,1925
565,72.6,1827
566,67.3,1776
567,95.0,1776
568,90.2,1798
569,78.3,1848
570,80.9,1797
571,39.6,1762
572,61.1,1772
573,74.2,1766
574,93.1,1812
575,76.5,1846
576,93.6,1827
577,87.1,1836
578,99.4,1721
579,66.1,1800
580,72.0,1825
581,84.9,1751
582,79.8,1860
583,66.8,1870
584,69.0,1817
585,77.5,1899
586,81.5,1881
587,71.9,1773
588,78.9,1804
589,78.7,1730
590,74.2,1833
591,79.7,1873
592,75.2,1759
593,52.1,1796
594,76.7,1815
595,101.0,1829
596,79.6,1691
597,69.3,1689
598,79.0,1770
599,90.2,1694
600,95.4,1975
601,78.8,1775
602,66.0,1733
603,71.9,1790
604,94.1,1746
605,92.0,1899
606,88.0,1738
607,88.6,1841
608,104.4,1700
609,67.7,1836
610,76.9,1849
611,56.3,1877
612,73.0,1954
613,72.7,1768
614,88.1,1917
615,67.6,1810
616,63.2,1784
617,77.1,1819
618,83.8,1777
619,78.2,1849
620,71.1,1834
621,68.1,1816
622,70.6,1839
623,97.5,1688
624,92.0,1670
625,74.8,1735
626,94.7,1759
627,71.7,1804
628,79.4,1726
629,76.4,1759
630,74.4,1780
631,90.8,1837
632,79.1,1792
633,82.6,1721
634,86.9,1786
635,68.7,1737
636,85.1,1722
637,119.0,1735
638,62.7,1760
639,72.0,1901
640,88.8,1741
641,78.9,1794
642,63.9,1832
643,78.2,1762
644,35.3,1788
645,78.2,1791
646,51.5,1864
647,77.2,1848
648,79.9,1696
649,103.5,1899
650,88.9,1781
651,43.6,1838
652,77.7,1686
653,75.4,1815
654,86.7,1832
655,68.1,1767
656,57.7,1775
657,82.0,1758
658,101.8,1806
659,98.9,1694
660,42.4,1795
661,83.1,1793
662,56.6,1681
663,82.8,1909
664,90.8,1823
665,76.2,1826
666,70.0,1763
667,86.9,1804
668,59.0,1855
669,76.3,1773
670,42.5,1868
671,75.5,1799
672,78.6,1788
673,75.7,1780
674,76.2,1750
675,63.2,1827
676,70.8,1671
677,70.3,1740
678,118.3,1800
679,71.3,1863
680,90.8,1812
681,90.8,1764
682,56.6,1816
683,88.8,1839
684,90.7,1732
685,75.8,1766
686,70.3,1891
687,80.4,1847
688,61.6,1732
689,55.9,1816
690,53.1,1779
691,66.2,1909
692,83.5,1909
693,78.6,1806
694,58.2,1760
695,71.4,1659
696,81.4,1823
697,85.9,1838
698,84.5,1773
699,78.1,1782
700,70.1,1857
701,64.5,1717
702,63.6,1879
703,61.0,1795
704,99.0,1722
705,81.8,1803
706,75.0,1801
707,81.5,1719
708,90.3,1757
709,56.6,1784
710,74.9,1729
711,83.4,1866
712,72.2,1766
713,76.5,1748
714,49.7,1806
715,75.1,1864
716,74.2,1923
717,72.0,1792
718,93.9,1858
719,81.4,1740
720,79.4,1821
721,55.3,1810
722,92.0,1865
723,83.2,1791
724,95.3,1884
725,88.4,1729
726,61.4,1775
727,52.8,1727
728,60.8,1880
729,98.8,1848
730,66.1,1808
731,76.9,1777
732,53.0,1798
733,68.9,1781
734,50.2,1721
735,76.1,1797
736,60.0,1792
737,49.7,1731
738,47.9,1828
739,83.7,1847
740,98.4,1838
741,62.9,1756
742,57.7,1850
743,43.1,1719
744,80.6,1827
745,49.6,1728
746,109.4,1795
747,55.2,1744
748,106.4,1765
749,89.9,1848
750,75.5,1822
751,93.0,1715
752,75.6,1802
753,85.9,1862
754,82.6,1812
755,76.5,1792
756,73.2,1859
757,42.8,1854
758,62.1,1904
759,76.9,1924
760,54.5,1749
761,66.2,1815
762,73.1,1880
763,64.5,1635
764,57.4,1809
765,92.3,1795
766,68.4,1677
767,90.5,1792
768,73.9,1832
769,86.2,1726
770,78.7,1810
771,113.4,1669
772,72.6,1741
773,64.8,1797
774,102.2,1731
775,79.3,1814
776,85.7,1801
777,90.2,1780
778,74.2,1729
779,78.8,1896
780,44.5,1805
781,77.5,1820
782,68.4,1809
783,73.2,1823
784,82.4,1835
785,77.4,1849
786,58.7,1828
787,60.3,1848
788,67.6,1815
789,59.2,1837
790,56.9,1771
791,93.8,1782
792,26.6,1752
793,60.0,1681
794,80.7,1793
795,67.2,1899
796,44.6,1843
797,98.7,1841
798,76.9,1782
799,65.0,1808
800,51.2,1758
801,49.7,1710
802,97.7,1762
803,70.4,1781
804,87.8,1707
805,101.7,1835
806,55.9,1762
807,74.7,1809
808,103.0,1770
809,92.5,1826
810,73.5,1757
811,94.1,1852
812,72.6,1786
813,57.2,1716
814,67.4,1809
815,72.7,1887
816,77.7,1895
817,60.2,1781
818,81.8,1759
819,87.6,1777
820,71.5,1747
821,63.8,1805
822,64.0,1823
823,72.2,1919
824,69.7,1861
825,75.5,1730
826,77.9,1747
827,77.6,1869
828,80.1,1889
829,73.6,1802
830,57.2,1772
831,75.3,1859
832,104.7,1805
833,69.5,1878
834,86.6,1820
835,86.7,1771
836,72.7,1833
837,91.3,1843
838,104.7,1749
839,55.6,1827
840,102.9,1773
841,64.1,1801
842,79.0,1798
843,83.1,1911
844,65.0,1790
845,79.3,1738
846,85.8,1780
847,90.1,1863
848,65.4,1823
849,64.7,1883
850,79.8,1871
851,77.5,1759
852,84.4,1799
853,72.3,1841
854,72.5,1828
855,52.1,1835
856,75.9,1733
857,86.2,1770
858,84.5,1761
859,81.1,1832
860,74.8,1815
861,84.3,1769
862,71.4,1828
863,85.5,1773
864,87.6,1829
865,58.2,1723
866,75.3,1748
867,77.2,1818
868,76.3,1841
869,90.9,1724
870,74.6,1751
871,96.2,1879
872,100.0,1775
873,49.8,1790
874,75.6,1778
875,66.8,1732
876,76.6,1723
877,70.9,1807
878,91.0,1845
879,68.0,1772
880,87.8,1889
881,47.9,1688
882,63.4,1622
883,69.7,1794
884,56.1,1708
885,97.2,1743
886,80.5,1809
887,69.2,1848
888,60.0,1819
889,81.9,1707
890,76.3,1832
891,81.2,1908
892,59.6,1731
893,83.8,1722
894,81.2,1816
895,90.3,1813
896,79.3,1901
897,105.8,1862
898,74.7,1874
899,81.5,1867
900,60.7,1770
901,103.1,1643
902,62.3,1792
903,78.6,1814
904,94.1,1773
905,72.9,1755
906,54.3,1818
907,69.3,1870
908,38.2,1785
909,90.0,1703
910,72.4,1721
911,86.0,1768
912,86.4,1748
913,48.7,1800
914,57.9,1866
915,59.9,1905
916,73.2,1769
917,78.7,1752
918,91.5,1783
919,87.0,1910
920,95.5,1804
921,60.8,1806
922,68.6,1737
923,87.0,1721
924,87.3,1831
925,72.8,1831
926,67.3,1842
927,79.2,1766
928,53.8,1775
929,66.6,1797
930,79.4,1772
931,60.2,1957
932,92.4,1768
933,69.5,1714
934,95.9,1855
935,53.6,1676
936,70.6,1764
937,99.0,1802
938,71.8,1793
939,70.1,1783
940,80.1,1850
941,70.0,1819
942,50.3,1818
943,51.7,1759
944,64.3,1789
945,73.9,1827
946,60.0,1696
947,79.7,1698
948,80.2,1749
949,56.4,1778
950,79.9,1874
951,93.4,1885
952,75.0,1748
953,94.5,1864
954,58.5,1794
955,57.0,1783
956,98.2,1789
957,59.3,1878
958,90.6,1798
959,112.3,1814
960,89.2,1767
961,62.4,1793
962,75.2,1731
963,75.6,1856
964,74.9,1726
965,57.4,1756
966,93.5,1863
967,102.5,1707
968,93.1,1670
969,60.3,1732
970,89.4,1754
971,90.1,1850
972,74.9,1832
973,79.0,1765
974,99.3,1788
975,73.1,1855
976,82.4,1913
977,84.9,1738
978,67.5,1817
979,67.5,1750
980,82.7,1839
981,65.1,1701
982,73.0,1842
983,65.1,1798
984,48.0,1737
985,50.7,1831
986,89.5,1794
987,67.0,1743
988,84.2,1726
989,49.7,1717
990,80.1,1846
991,80.8,1801
992,82.4,1834
993,56.6,1709
994,91.7,1724
995,66.4,1818
996,64.8,1809
997,90.2,1802
998,80.4,1800
999,83.6,1813
1000,73.6,1804
1001,61.4,1825
1002,81.8,1791
1003,82.8,1694
1004,43.7,1838
1005,86.1,1794
1006,74.7,1864
1007,58.2,1775
1008,53.4,1751
1009,47.7,1734
1010,65.0,1716
1011,70.1,1740
1012,73.8,1740
1013,37.5,1795
1014,84.9,1805
1015,55.4,1793
1016,60.1,1729
1017,69.3,1747
1018,56.2,1913
1019,41.4,1730
1020,59.1,1782
1021,75.3,1765
1022,78.2,1864
1023,80.7,1831
1024,68.3,1822
1025,44.1,1796
1026,86.1,1753
1027,115.0,1879
1028,50.7,1740
1029,90.2,1778
1030,75.2,1824
1031,76.7,1752
1032,72.6,1738
1033,90.0,1770
1034,68.1,1791
1035,71.2,1801
1036,58.4,1865
1037,77.7,1851
1038,64.9,1716
1039,71.3,1923
1040,81.9,1797
1041,75.5,1753
1042,63.7,1718
1043,52.1,1924
1044,86.6,1813
1045,74.9,1754
1046,71.7,1737
1047,106.9,1953
1048,53.6,1809
1049,87.6,1831
1050,81.0,1775
1051,88.4,1684
1052,93.4,1836
1053,93.7,1801
1054,86.9,1815
1055,63.0,1776
1056,93.6,1894
1057,68.1,1839
1058,93.2,1760
1059,62.7,1684
1060,72.8,1802
1061,90.8,1860
1062,104.9,1827
1063,73.0,1802
1064,83.3,1770
1065,65.0,1771
1066,73.8,1827
1067,42.1,1687
1068,95.8,1847
1069,55.8,1814
1070,72.9,1674
1071,68.7,1790
1072,76.0,1762
1073,68.7,1839
1074,86.4,1792
1075,102.0,1935
1076,80.0,1852
1077,79.9,1778
1078,74.7,1824
1079,54.0,1879
1080,79.9,1800
1081,75.9,1749
1082,82.4,1780
1083,90.1,1742
1084,39.2,1855
1085,77.2,1780
1086,68.7,1842
1087,47.9,1854
1088,68.6,1803
1089,50.0,1769
1090,80.9,1813
1091,88.2,1787
1092,74.0,1781
1093,51.9,1828
1094,66.5,1910
1095,88.1,1753
1096,65.9,1863
1097,108.1,1856
1098,81.5,1754
1099,66.9,1791
1100,96.2,1783
1101,92.2,1725
1102,71.8,1787
1103,84.4,1795
1104,73.1,1767
1105,50.7,1933
1106,64.7,1769
1107,61.4,1844
1108,70.3,1773
1109,54.6,1881
1110,98.7,1847
1111,89.4,1811
1112,71.7,1812
1113,103.5,1852
1114,95.6,1778
1115,85.0,1769
1116,93.0,1844
1117,75.3,1838
1118,85.3,1829
1119,90.7,1790
1120,60.2,1838
1121,68.4,1869
1122,72.2,1947
1123,71.7,1806
1124,64.6,1854
1125,87.1,1727
1126,60.7,1856
1127,68.0,1838
1128,66.4,1859
1129,73.6,1728
1130,40.2,1792
1131,71.5,1821
1132,64.9,1818
1133,79.0,1805
1134,65.9,1801
1135,96.6,1750
1136,88.3,1811
1137,101.3,1754
1138,66.0,1774
1139,86.5,1738
1140,48.4,1866
1141,89.2,1798
1142,73.5,1784
1143,66.1,1872
1144,73.9,1788
1145,68.0,1723
1146,88.2,1933
1147,85.0,1834
1148,98.0,1766
1149,92.7,1819
1150,54.7,1877
1151,128.9,1781
1152,102.6,1745
1153,96.0,1809
1154,68.0,1819
1155,83.1,1689
1156,96.0,1789
1157,79.9,1781
1158,66.8,1794
1159,78.3,1841
1160,81.1,1750
1161,76.7,1833
1162,80.3,1759
1163,70.5,1870
1164,64.8,1866
1165,70.5,1863
1166,79.7,1794
1167,61.7,1808
1168,58.8,1669
1169,90.8,1804
1170,82.2,1850
1171,72.9,1718
1172,73.6,1837
1173,53.8,1745
1174,74.2,1699
1175,95.5,1716
1176,82.7,1833
1177,57.6,1793
1178,85.3,1702
1179,89.2,1720
1180,93.0,1742
1181,104.3,1725
1182,72.4,1779
1183,64.3,1835
1184,62.8,1834
1185,76.3,1710
1186,96.4,1810
1187,88.1,1779
1188,60.8,1778
1189,82.4,1807
1190,89.1,1933
1191,83.9,1836
1192,82.2,1854
1193,84.0,1833
1194,76.3,1786
1195,77.2,1785
1196,74.0,1712
1197,70.6,1866
1198,79.2,1776
1199,71.1,1716
1200,62.3,1783
1201,87.0,1737
1202,94.0,1843
1203,83.3,1789
1204,64.4,1781
1205,87.6,1816
1206,82.0,1815
1207,72.3,1687
1208,74.5,1828
1209,79.6,1793
1210,89.1,1747
1211,80.6,1836
1212,85.2,1726
1213,106.6,1635
1214,70.8,1869
1215,81.2,1757
1216,78.3,1827
1217,63.5,1759
1218,77.3,1821
1219,35.8,1788
1220,64.0,1870
1221,62.6,1668
1222,100.9,1884
1223,100.7,1754
1224,67.1,1864
1225,66.1,1792
1226,59.4,1867
1227,73.5,1820
1228,79.9,1854
1229,69.3,1907
1230,75.3,1751
1231,86.0,1928
1232,85.4,1729
1233,64.4,1845
1234,79.8,1814
1235,79.9,1708
1236,78.3,1800
1237,62.5,1774
1238,90.2,1854
1239,62.4,1881
1240,55.0,1723
1241,72.8,1765
1242,53.2,1734
1243,60.1,1873
1244,61.0,1795
1245,89.1,1712
1246,65.5,1915
1247,46.8,1815
1248,72.6,1759
1249,61.1,1782
1250,86.1,1773
1251,94.6,1815
1252,79.9,1829
1253,62.8,1888
1254,46.5,1773
1255,78.5,1731
1256,96.3,1783
1257,58.0,1845
1258,90.4,1816
1259,84.8,1896
1260,53.8,1717
1261,76.4,1775
1262,75.9,1784
1263,76.8,1820
1264,69.4,1832
1265,90.5,1785
1266,70.1,1780
1267,61.7,1925
1268,51.8,1949
1269,82.3,1778
1270,84.9,1857
1271,77.0,1827
1272,75.2,1857
1273,68.6,1830
1274,66.1,1805
1275,60.0,1744
1276,60.7,1838
1277,69.5,1755
1278,72.8,1730
1279,48.4,1740
1280,71.7,1763
1281,84.1,1859
1282,71.2,1856
1283,73.9,1732
1284,83.4,1868
1285,93.7,1854
1286,86.9,1754
1287,99.2,1840
1288,75.1,1805
1289,90.2,1764
1290,40.7,1791
1291,80.8,1782
1292,68.4,1721
1293,43.2,1814
1294,81.5,1720
1295,71.1,1762
1296,75.0,1764
1297,67.3,1722
1298,64.7,1753
1299,80.5,1820
1300,76.1,1718
1301,56.8,1849
1302,90.1,1818
1303,94.2,1784
1304,69.1,1838
1305,86.7,1841
1306,50.6,1869
1307,73.5,1833
1308,56.5,1762
1309,81.7,1845
1310,77.9,1840
1311,90.2,1751
1312,75.5,1703
1313,70.3,1790
1314,57.8,1707
1315,55.7,1797
1316,65.7,1773
1317,67.8,1871
1318,51.2,1725
1319,77.1,1806
1320,91.5,1709
1321,62.5,1821
1322,102.7,1904
1323,47.0,1748
1324,64.0,1801
1325,42.1,1803
1326,64.4,1814
1327,73.5,1693
1328,63.6,1863
1329,65.3,1820
1330,75.3,1898
1331,75.6,1700
1332,95.4,1880
1333,57.2,1849
1334,79.1,1845
1335,59.9,1835
1336,59.4,1877
1337,59.8,1801
1338,72.4,1892
1339,101.1,1836
1340,83.6,1798
1341,72.2,1812
1342,81.9,1708
1343,95.9,1916
1344,53.8,1874
1345,68.7,1799
1346,69.2,1844
1347,88.9,1808
1348,55.1,1701
1349,93.2,1848
1350,75.1,1733
1351,65.0,1728
1352,71.0,1874
1353,64.1,1848
1354,69.5,1803
1355,97.3,1863
1356,93.4,1761
1357,57.8,1826
1358,53.8,1747
1359,75.6,1840
1360,52.7,1893
1361,63.8,1734
1362,76.4,1834
1363,66.3,1795
1364,72.3,1762
1365,83.7,1916
1366,65.1,1796
1367,63.9,1754
1368,79.1,1741
1369,72.4,1721
1370,89.9,1787
1371,69.4,1749
1372,83.8,1791
1373,75.1,1762
1374,73.5,1911
1375,70.3,1896
1376,76.5,1882
1377,66.1,1790
1378,78.4,1823
1379,87.4,1804
1380,75.5,1825
1381,94.4,1934
1382,68.5,1764
1383,80.2,1779
1384,83.0,1816
1385,81.8,1831
1386,67.6,1723
1387,82.8,1881
1388,73.1,1779
1389,91.1,1855
1390,78.4,1774
1391,77.2,1849
1392,52.2,1793
1393,72.6,1860
1394,97.1,1805
1395,62.4,1778
1396,66.3,1848
1397,108.1,1840
1398,73.6,1780
1399,73.4,1801
1400,79.5,1780
1401,96.4,1872
1402,102.9,1733
1403,86.7,1797
1404,38.4,1719
1405,79.8,1680
1406,73.3,1824
1407,63.7,1830
1408,68.3,1839
1409,61.7,1937
1410,80.0,1847
1411,67.3,1801
1412,47.5,1862
1413,82.9,1745
1414,65.4,1734
1415,63.3,1748
1416,83.4,1669
1417,53.7,1763
1418,40.9,1784
1419,66.6,1852
1420,72.6,1779
1421,96.0,1781
1422,99.8,1827
1423,61.3,1639
1424,63.0,1732
1425,75.6,1879
1426,65.3,1803
1427,63.9,1866
1428,92.4,1779
1429,87.1,1788
1430,81.1,1790
1431,80.4,1758
1432,77.2,1726
1433,102.5,1731
1434,80.8,1798
1435,62.0,1861
1436,66.8,1867
1437,71.6,1702
1438,51.2,1788
1439,61.4,1837
1440,82.9,1831
1441,62.6,1767
1442,66.6,1796
1443,53.8,1865
1444,81.6,1797
1445,119.4,1827
1446,77.3,1792
1447,79.7,1829
1448,81.6,1791
1449,58.3,1919
1450,52.8,1853
1451,100.3,1826
1452,83.3,1849
1453,73.8,1824
1454,80.2,1804
1455,89.1,1837
1456,78.6,1777
1457,67.2,1654
1458,88.6,1806
1459,61.5,1816
1460,65.4,1747
1461,77.9,1802
1462,80.6,1784
1463,82.8,1865
1464,77.7,1874
1465,55.2,1832
1466,82.5,1676
1467,30.6,1798
1468,71.2,1788
1469,64.6,1741
1470,70.0,1851
1471,104.4,1871
1472,69.4,1696
1473,80.4,1728
1474,57.4,1812
1475,63.6,1728
1476,108.2,1866
1477,73.8,1786
1478,95.9,1761
1479,59.1,1784
1480,60.6,1790
1481,74.6,1765
1482,53.5,1781
1483,61.7,1785
1484,70.9,1756
1485,74.9,1825
1486,79.5,1812
1487,66.9,1764
1488,96.0,1763
1489,80.3,1889
1490,64.4,1822
1491,51.1,1782
1492,68.3,1761
1493,85.2,1766
1494,75.6,1775
1495,100.3,1737
1496,64.2,1904
1497,84.5,1827
1498,91.1,1827
1499,75.5,1763
1500,84.7,1773
1501,73.5,1819
1502,59.3,1796
1503,74.4,1749
1504,98.4,1723
1505,93.2,1624
1506,85.0,1778
1507,99.8,1708
1508,98.5,1779
1509,71.9,1843
1510,68.5,1900
1511,90.6,1740
1512,65.5,1791
1513,112.5,1912
1514,63.2,1867
1515,74.2,1778
1516,61.6,1790
1517,74.0,1800
1518,54.4,1799
1519,57.6,1799
1520,73.9,1809
1521,65.6,1789
1522,101.4,1783
1523,53.0,1886
1524,75.8,1782
1525,70.3,1723
1526,53.1,1853
1527,65.8,1823
1528,72.4,1812
1529,59.6,1825
1530,96.5,1858
1531,76.8,1732
1532,55.1,1818
1533,75.1,1701
1534,91.4,1794
1535,82.9,1863
1536,78.0,1741
1537,62.1,1882
1538,68.1,1685
1539,45.7,1811
1540,64.6,1837
1541,65.1,1794
1542,64.3,1786
1543,75.4,1716
1544,89.9,1807
1545,87.8,1735
1546,71.7,1820
1547,79.0,1887
1548,79.0,1829
1549,77.5,1763
1550,70.2,1885
1551,87.5,1858
1552,95.4,1834
1553,58.5,1865
1554,84.0,1823
1555,54.4,1819
1556,80.1,1871
1557,73.7,1767
1558,79.6,1831
1559,53.2,1921
1560,88.1,1765
1561,86.3,1748
1562,68.9,1670
1563,88.3,1797
1564,72.2,1815
1565,68.8,1803
1566,66.7,1839
1567,88.1,1791
1568,58.9,1795
1569,64.2,1837
1570,77.8,1792
1571,76.2,1802
1572,84.0,1692
1573,99.4,1726
1574,93.6,1783
1575,51.9,1855
1576,89.3,1928
1577,62.7,1775
1578,83.1,1738
1579,58.3,1753
1580,56.7,1757
1581,75.2,1752
1582,52.5,1751
1583,106.0,1765
1584,92.1,1793
1585,70.7,1741
1586,74.6,1909
1587,87.9,1904
1588,83.8,1913
1589,52.3,1736
1590,71.3,1683
1591,84.6,1683
1592,48.1,1791
1593,99.3,1844
1594,83.9,1769
1595,116.2,1973
1596,86.8,1810
1597,42.1,1840
1598,75.3,1738
1599,76.5,1876
1600,83.2,1788
1601,108.0,1862
1602,54.1,1799
1603,76.7,1827
1604,88.9,1819
1605,83.2,1938
1606,72.1,1891
1607,80.0,1778
1608,69.4,1802
1609,77.8,1780
1610,76.4,1770
1611,84.9,1761
1612,79.8,1638
1613,67.1,1806
1614,64.6,1849
1615,72.9,1700
1616,52.5,1750
1617,72.8,1887
1618,79.4,1758
1619,82.0,1675
1620,67.6,1826
1621,86.5,1767
1622,85.6,1707
1623,87.6,1687
1624,77.2,1686
1625,64.9,1661
1626,74.5,1791
1627,72.1,1808
1628,54.0,1819
1629,72.5,1735
1630,73.1,1802
1631,54.4,1766
1632,65.6,1835
1633,69.2,1657
1634,61.4,1834
1635,59.9,1748
1636,84.0,1735
1637,65.5,1724
1638,80.3,1883
1639,80.6,1720
1640,52.1,1851
1641,90.8,1686
1642,59.8,1696
1643,85.7,1799
1644,73.7,1658
1645,105.7,1847
1646,37.2,1807
1647,60.5,1798
1648,80.7,1845
1649,73.9,1819
1650,66.2,1711
1651,54.8,1747
1652,59.4,1746
1653,56.9,1941
1654,88.5,1818
1655,82.0,1844
1656,36.7,1723
1657,60.3,1826
1658,58.4,1732
1659,67.0,1800
1660,76.8,1753
1661,57.7,1825
1662,76.4,1726
1663,108.8,1823
1664,81.8,1843
1665,115.9,1775
1666,69.9,1883
1667,60.2,1850
1668,89.1,1911
1669,89.7,1751
1670,63.7,1919
1671,61.4,1811
1672,77.6,1738
1673,81.0,1788
1674,56.4,1810
1675,76.0,1847
1676,85.5,1756
1677,60.3,1846
1678,80.7,1782
1679,75.3,1749
1680,100.9,1633
1681,66.6,1826
1682,77.0,1864
1683,89.7,1808
1684,94.7,1753
1685,56.3,1746
1686,52.0,1780
1687,84.9,1863
1688,61.5,1879
1689,57.4,1875
1690,63.1,1784
1691,75.5,1633
1692,107.0,1757
1693,83.0,1767
1694,47.3,1894
1695,57.8,1761
1696,83.3,1815
1697,51.5,1744
1698,70.9,1817
1699,81.3,1851
1700,81.9,1814
1701,93.8,1848
1702,84.7,1779
1703,61.9,1682
1704,83.9,1719
1705,94.2,1773
1706,54.9,1850
1707,79.2,1755
1708,38.2,1816
1709,61.7,1803
1710,49.0,1762
1711,43.9,1851
1712,78.7,1878
1713,97.0,1838
1714,93.1,1811
1715,97.5,1802
1716,55.9,1742
1717,70.0,1727
1718,75.5,1823
1719,92.5,1728
1720,84.2,1794
1721,73.6,1935
1722,92.3,1896
1723,84.5,1769
1724,45.4,1819
1725,88.3,1750
1726,65.5,1829
1727,99.8,1801
1728,42.3,1929
1729,62.0,1878
1730,86.9,1636
1731,83.8,1784
1732,92.6,1788
1733,39.9,1817
1734,68.8,1895
1735,89.5,1707
1736,90.5,1852
1737,65.3,1816
1738,65.3,1718
1739,77.8,1804
1740,85.1,1775
1741,63.6,1892
1742,73.2,1738
1743,64.4,1837
1744,41.7,1879
1745,99.4,1846
1746,81.5,1750
1747,91.6,1806
1748,74.9,1755
1749,82.6,1744
1750,41.7,1716
1751,83.9,1788
1752,59.0,1760
1753,85.3,1846
1754,75.0,1816
1755,80.6,1775
1756,71.0,1774
1757,76.3,1888
1758,114.7,1828
1759,66.3,1871
1760,99.6,1860
1761,71.2,1921
1762,75.2,1712
1763,65.2,1873
1764,62.3,1828
1765,72.0,1798
1766,59.4,1768
1767,90.5,1801
1768,97.7,1689
1769,88.0,1717
1770,77.8,1819
1771,68.0,1816
1772,67.0,1808
1773,85.2,1691
1774,88.4,1825
1775,66.5,1814
1776,80.9,1702
1777,86.6,1858
1778,77.0,1837
1779,60.7,1735
1780,71.2,1809
1781,88.5,1747
1782,76.5,1762
1783,70.5,1895
1784,64.1,1748
1785,62.4,1742
1786,81.8,1764
1787,76.8,1753
1788,67.7,1721
1789,60.1,1788
1790,84.6,1695
1791,82.7,1831
1792,79.9,1759
1793,59.0,1814
1794,74.1,1856
1795,70.5,1889
1796,99.8,1834
1797,51.8,1801
1798,77.9,1776
1799,89.8,1726
1800,94.4,1826
1801,42.9,1867
1802,85.1,1913
1803,84.5,1888
1804,93.6,1915
1805,72.0,1885
1806,82.8,1726
1807,48.7,1888
1808,86.8,1811
1809,61.0,1826
1810,71.7,1842
1811,69.4,1817
1812,35.3,1787
1813,68.0,1789
1814,75.2,1808
1815,62.6,1842
1816,77.7,1664
1817,68.3,1739
1818,81.5,1763
1819,79.1,1803
1820,80.1,1781
1821,76.5,1688
1822,69.1,1844
1823,88.9,1898
1824,92.1,1757
1825,63.5,1804
1826,90.9,1728
1827,75.3,1803
1828,73.4,1742
1829,94.9,1767
1830,82.1,1711
1831,57.5,1755
1832,87.7,1741
1833,68.2,1708
1834,99.7,1831
1835,51.6,1761
1836,82.2,1808
1837,67.0,1833
1838,48.9,1830
1839,67.5,1791
1840,46.3,1791
1841,82.6,1817
1842,71.9,1720
1843,90.2,1834
1844,90.7,1930
1845,89.5,1866
1846,76.5,1870
1847,79.8,1758
1848,88.3,1908
1849,60.2,1758
1850,60.3,1772
1851,69.5,1810
1852,103.5,1828
1853,67.9,1780
1854,77.7,1817
1855,100.3,1835
1856,80.7,1828
1857,80.3,1842
1858,75.0,1822
1859,57.3,1858
1860,79.2,1825
1861,70.5,1802
1862,81.0,1794
1863,84.0,1748
1864,95.8,1753
1865,96.8,1871
1866,55.8,1764
1867,79.7,1760
1868,81.2,1791
1869,52.1,1839
1870,84.1,1758
1871,98.2,1881
1872,68.8,1881
1873,89.1,1827
1874,93.4,1812
1875,75.4,1882
1876,63.4,1769
1877,65.6,1737
1878,62.8,1834
1879,70.7,1903
1880,88.7,1759
1881,64.6,1810
1882,70.2,1759
1883,59.0,1748
1884,47.8,1920
1885,60.0,1733
1886,64.4,1789
1887,100.6,1809
1888,84.7,1790
1889,99.0,1764
1890,48.3,1923
1891,77.8,1711
1892,61.9,1739
1893,96.1,1815
1894,85.4,1790
1895,70.2,1772
1896,89.2,1824
1897,67.4,1833
1898,89.2,1707
1899,74.8,1725
1900,113.0,1796
1901,84.2,1896
1902,72.8,1758
1903,70.7,1679
1904,73.5,1839
1905,90.5,1859
1906,67.3,1737
1907,79.9,1737
1908,63.4,1799
1909,94.3,1815
1910,78.8,1867
1911,94.8,1842
1912,51.5,1764
1913,76.6,1821
1914,50.1,1867
1915,88.5,1804
1916,73.3,1805
1917,70.0,1819
1918,40.1,1752
1919,50.2,1805
1920,75.4,1645
1921,82.8,1820
1922,54.3,1831
1923,44.5,1724
1924,94.2,1737
1925,71.2,1765
1926,74.9,1836
1927,65.3,1800
1928,77.3,1795
1929,77.8,1781
1930,74.8,1819
1931,89.9,1759
1932,81.4,1906
1933,83.9,1739
1934,69.1,1863
1935,92.4,1783
1936,76.2,1765
1937,46.0,1841
1938,52.4,1744
1939,82.8,1853
1940,63.7,1910
1941,82.6,1736
1942,68.2,1781
1943,79.3,1865
1944,61.8,1728
1945,90.9,1959
1946,85.6,1852
1947,55.0,1807
1948,66.8,1901
1949,68.9,1730
1950,93.8,1759
1951,81.2,1789
1952,80.2,1866
1953,65.5,1798
1954,49.6,1765
1955,79.8,1891
1956,85.3,1880
1957,66.0,1832
1958,56.2,1813
1959,65.9,1900
1960,72.6,1814
1961,75.0,1767
1962,76.5,1799
1963,74.8,1912
1964,97.0,1732
1965,61.2,1791
1966,60.6,1925
1967,71.2,1845
1968,86.6,1930
1969,62.2,1815
1970,78.8,1828
1971,79.9,1802
1972,100.9,1801
1973,81.1,1949
1974,84.9,1867
1975,74.5,1811
1976,78.2,1768
1977,39.1,1718
1978,69.4,1800
1979,82.3,1742
1980,83.1,1876
1981,68.2,1872
1982,72.3,1720
1983,76.1,1828
1984,71.7,1833
1985,56.5,1757
1986,56.4,1702
1987,59.8,1797
1988,74.8,1849
1989,70.5,1860
1990,59.5,1913
1991,77.5,1797
1992,79.1,1806
1993,47.2,1890
1994,77.7,1891
1995,87.4,1783
1996,71.4,1899
1997,74.1,1788
1998,59.7,1810
1999,72.0,1781
2000,66.9,1778
2001,63.6,1834
2002,58.5,1718
2003,85.7,1799
2004,76.9,1835
2005,93.1,1749
2006,60.1,1857
2007,73.7,1737
2008,68.5,1791
2009,76.9,1793
2010,88.4,1835
2011,74.1,1769
2012,89.8,1818
2013,60.6,1877
2014,59.6,1782
2015,103.8,1815
2016,71.3,1749
2017,79.7,1840
2018,66.9,1746
2019,62.9,1786
2020,73.8,1879
2021,73.6,1816
2022,67.1,1790
2023,82.2,1794
2024,90.4,1741
2025,110.6,1876
2026,85.7,1598
2027,48.4,1864
2028,83.0,1767
2029,79.1,1792
2030,64.6,1744
2031,67.8,1768
2032,84.2,1787
2033,57.6,1744
2034,70.8,1796
2035,79.6,1721
2036,77.6,1898
2037,70.9,1719
2038,99.2,1733
2039,78.5,1783
2040,81.4,1798
2041,92.4,1886
2042,48.5,1739
2043,54.9,1756
2044,71.2,1749
2045,102.6,1883
2046,88.4,1799
2047,82.9,1858
2048,91.5,1903
2049,67.1,1803
2050,72.0,1736
2051,68.2,1815
2052,80.2,1760
2053,74.8,1796
2054,70.4,1772
2055,71.5,1775
2056,49.1,1866
2057,73.3,1940
2058,63.6,1809
2059,66.5,1828
2060,59.2,1785
2061,57.0,1668
2062,62.6,1818
2063,77.6,1771
2064,72.3,1761
2065,59.4,1716
2066,91.2,1770
2067,67.2,1832
2068,75.9,1793
2069,64.2,1806
2070,93.2,1796
2071,65.9,1829
2072,80.1,1752
2073,83.7,1794
2074,85.1,1700
2075,86.6,1816
2076,88.6,1737
2077,85.7,1840
2078,64.3,1921
2079,92.0,1804
2080,54.6,1738
2081,94.1,1707
2082,60.4,1749
2083,71.2,1901
2084,64.7,1787
2085,71.7,1844
2086,59.8,1760
2087,88.6,1801
2088,91.1,1780
2089,89.2,1806
2090,73.8,1822
2091,82.5,1878
2092,104.8,1760
2093,68.0,1834
2094,64.2,1858
2095,79.8,1809
2096,50.7,1788
2097,65.2,1784
2098,78.8,1844
2099,112.7,1749
2100,80.2,1849
2101,76.2,1751
2102,111.6,1817
2103,76.4,1830
2104,103.5,1748
2105,62.0,1753
2106,70.3,1723
2107,55.4,1822
2108,68.7,1862
2109,48.2,1775
2110,73.3,1806
2111,71.6,1855
2112,101.0,1795
2113,84.5,1804
2114,95.3,1820
2115,40.9,1743
2116,85.6,1891
2117,85.2,1718
2118,78.8,1783
2119,80.3,1844
2120,75.1,1826
2121,58.9,1801
2122,71.3,1854
2123,64.5,1816
2124,95.4,1808
2125,55.2,1788
2126,101.9,1858
2127,95.1,1762
2128,77.8,1896
2129,58.1,1912
2130,59.8,1799
2131,68.5,1882
2132,76.8,1848
2133,68.0,1832
2134,95.0,1800
2135,28.2,1789
2136,98.8,1880
2137,51.7,1696
2138,87.6,1808
2139,78.3,1761
2140,88.0,1753
2141,77.8,1901
2142,70.5,1807
2143,55.2,1716
2144,64.4,1755
2145,78.9,1757
2146,73.6,1901
2147,61.7,1741
2148,114.9,1837
2149,85.3,1743
2150,69.3,1810
2151,50.6,1887
2152,91.3,1863
2153,67.6,1779
2154,60.9,1675
2155,73.4,1856
2156,72.7,1790
2157,93.5,1840
2158,52.6,1780
2159,67.2,1804
2160,68.4,1803
2161,77.4,1888
2162,87.8,1746
2163,83.2,1813
2164,78.3,1850
2165,83.6,1773
2166,82.6,1847
2167,56.2,1827
2168,74.6,1747
2169,72.6,1742
2170,61.3,1871
2171,85.4,1775
2172,70.1,1754
2173,75.8,1869
2174,63.2,1765
2175,66.0,1677
2176,78.6,1764
2177,70.5,1847
2178,89.8,1861
2179,92.7,1773
2180,63.7,1856
2181,76.5,1746
2182,111.8,1808
2183,66.2,1783
2184,75.3,1752
2185,71.6,1763
2186,98.7,1792
2187,76.6,1796
2188,59.8,1879
2189,84.0,1786
2190,69.1,1852
2191,67.2,1756
2192,87.4,1758
2193,85.5,1792
2194,80.7,1818
2195,89.6,1852
2196,63.8,1909
2197,57.5,1837
2198,95.1,1839
2199,59.9,1735
2200,83.9,1828
2201,81.2,1767
2202,70.5,1725
2203,66.9,1849
2204,64.2,1827
2205,71.6,1796
2206,39.9,1854
2207,75.3,1800
2208,82.1,1716
2209,107.5,1778
2210,49.2,1822
2211,100.0,1855
2212,83.6,1802
2213,79.2,1750
2214,68.9,1766
2215,76.7,1799
2216,65.7,1874
2217,63.6,1788
2218,83.9,1791
2219,92.6,1804
2220,85.6,1820
2221,86.1,1837
2222,69.4,1795
2223,72.4,1832
2224,91.8,1896
2225,59.3,1889
2226,85.0,1868
2227,99.2,1842
2228,90.0,1782
2229,55.6,1842
2230,63.7,1796
2231,87.7,1844
2232,94.4,1815
2233,35.7,1798
2234,68.3,1796
2235,74.8,1867
2236,92.0,1931
2237,89.0,1768
2238,71.0,1797
2239,74.3,1851
2240,78.0,1799
2241,67.7,1889
2242,78.5,1836
2243,66.4,1830
2244,83.7,1731
2245,78.1,1911
2246,59.8,1722
2247,99.4,1843
2248,72.6,1854
2249,73.4,1847
2250,96.0,1798
2251,57.8,1671
2252,97.5,1800
2253,87.7,1794
2254,82.6,1838
2255,67.5,1865
2256,86.4,1851
2257,89.7,1800
2258,86.2,1753
2259,65.9,1800
2260,54.4,1844
2261,79.7,1835
2262,74.3,1838
2263,72.7,1800
2264,67.6,1717
2265,82.0,1757
2266,71.7,1827
2267,57.3,1875
2268,65.2,1760
2269,49.0,1815
2270,96.0,1884
2271,47.8,1777
2272,82.3,1881
2273,93.7,1779
2274,48.1,2046
2275,66.0,1824
2276,67.2,1870
2277,93.4,1801
2278,80.5,1846
2279,80.5,1832
2280,84.5,1822
2281,78.1,1796
2282,71.6,1812
2283,67.1,1806
2284,87.3,1837
2285,72.0,1821
2286,70.5,1824
2287,103.4,1740
2288,93.4,1799
2289,101.7,1833
2290,76.8,1726
2291,75.2,1805
2292,51.6,1750
2293,69.4,1861
2294,63.2,1868
2295,94.9,1884
2296,75.1,1833
2297,85.0,1836
2298,72.8,1748
2299,60.0,1789
2300,103.5,1806
2301,60.5,1885
2302,64.2,1731
2303,98.7,1800
2304,78.5,1904
2305,89.7,1893
2306,80.1,1824
2307,69.1,1845
2308,82.5,1861
2309,65.7,1902
2310,82.0,1777
2311,58.4,1769
2312,59.8,1764
2313,66.0,1759
2314,63.6,1792
2315,91.8,1819
2316,78.4,1764
2317,101.6,1795
2318,75.9,1798
2319,92.7,1873
2320,69.2,1800
2321,81.0,1777
2322,73.3,1829
2323,79.6,1729
2324,84.4,1745
2325,87.4,1837
2326,109.5,1799
2327,97.2,1761
2328,73.1,1827
2329,90.2,1755
2330,83.8,1808
2331,45.5,1760
2332,83.0,1753
2333,83.4,1749
2334,81.5,1918
2335,83.5,1811
2336,113.8,1839
2337,59.6,1832
2338,86.7,1734
2339,58.2,1820
2340,76.9,1792
2341,97.5,1776
2342,78.8,1835
2343,71.3,1930
2344,78.0,1959
2345,65.9,1730
2346,67.9,1838
2347,77.0,1718
2348,62.0,1647
2349,80.2,1822
2350,77.3,1791
2351,68.5,1748
2352,52.6,1846
2353,82.9,1860
2354,66.8,1825
2355,64.9,1909
2356,65.2,1908
2357,78.6,1809
2358,90.1,1899
2359,53.1,1896
2360,65.0,1779
2361,83.2,1658
2362,73.2,1862
2363,92.5,1847
2364,78.2,1887
2365,65.1,1885
2366,69.3,1756
2367,72.3,1795
2368,117.1,1862
2369,56.0,1754
2370,69.3,1778
2371,63.8,1732
2372,60.9,1850
2373,97.4,1712
2374,79.2,1800
2375,65.2,1737
2376,92.1,1789
2377,58.5,1808
2378,85.4,1773
2379,97.3,1821
2380,77.2,1721
2381,84.9,1716
2382,70.4,1774
2383,75.6,1828
2384,97.3,1767
2385,82.0,1797
2386,89.1,1786
2387,92.4,1715
2388,90.8,1763
2389,70.3,1788
2390,70.2,1831
2391,85.6,1721
2392,85.1,1725
2393,63.6,1824
2394,96.0,1842
2395,104.8,1854
2396,96.0,1840
2397,62.2,1662
2398,68.0,1767
2399,88.7,1739
2400,82.3,1766
2401,94.6,1829
2402,55.9,1858
2403,59.0,1720
2404,86.2,1680
2405,121.4,1752
2406,71.4,1852
2407,51.0,1767
2408,89.1,1844
2409,83.2,1817
2410,64.5,1829
2411,89.5,1793
2412,69.2,1754
2413,98.9,1798
2414,109.3,1854
2415,77.6,1742
2416,78.6,1842
2417,79.5,1766
2418,47.4,1742
2419,90.2,1706
2420,82.3,1913
2421,88.1,1835
2422,71.5,1690
2423,88.0,1827
2424,63.2,1744
2425,60.0,1824
2426,85.8,1858
2427,78.3,1902
2428,72.4,1846
2429,83.8,1836
2430,88.4,1777
2431,57.6,1721
2432,53.6,1915
2433,72.4,1777
2434,102.2,1789
2435,70.2,1815
2436,79.7,1719
2437,73.3,1792
2438,57.7,1688
2439,58.0,1767
2440,62.8,1790
2441,79.4,1829
2442,61.5,1736
2443,89.5,1720
2444,46.8,1753
2445,61.1,1791
2446,64.0,1728
2447,68.2,1828
2448,71.4,1799
2449,82.1,1777
2450,81.5,1883
2451,62.6,1708
2452,83.1,1773
2453,88.9,1855
2454,71.6,1924
2455,84.5,1728
2456,47.2,1779
2457,100.6,1796
2458,53.7,1817
2459,96.1,1850
2460,42.6,1750
2461,100.4,1673
2462,70.3,1838
2463,55.5,1784
2464,61.9,1855
2465,82.8,1863
2466,76.9,1757
2467,65.8,1817
2468,83.7,1787
2469,69.0,1772
2470,69.6,1892
2471,98.7,1779
2472,75.9,1857
2473,88.1,1915
2474,61.7,1794
2475,73.5,1874
2476,69.1,1761
2477,77.7,1734
2478,71.4,1835
2479,77.8,1718
2480,98.7,1740
2481,60.6,1806
2482,79.5,1796
2483,60.3,1759
2484,91.1,1787
2485,76.1,1830
2486,75.0,1770
2487,85.8,1831
2488,60.8,1888
2489,86.0,1651
2490,67.4,1793
2491,50.3,1840
2492,95.7,1767
2493,71.9,1655
2494,84.5,1816
2495,74.4,1814
2496,56.4,1828
2497,80.3,1776
2498,53.2,1733
2499,76.8,1846
2500,64.1,1748
2501,61.0,1751
2502,113.4,1742
2503,105.8,1725
2504,63.8,1713
2505,73.1,1791
2506,88.7,1751
2507,91.2,1790
2508,77.1,1872
2509,62.3,1867
2510,69.0,1776
2511,62.3,1779
2512,83.4,1648
2513,70.4,1875
2514,49.3,1810
2515,41.4,1834
2516,86.5,1806
2517,72.7,1986
2518,90.1,1858
2519,83.9,1738
2520,113.8,1735
2521,43.7,1796
2522,74.0,1820
2523,57.2,1800
2524,88.6,1789
2525,79.2,1808
2526,67.9,1859
2527,65.1,1836
2528,75.6,1837
2529,77.5,1777
2530,80.3,1892
2531,77.5,1858
2532,100.0,1890
2533,60.4,1855
2534,73.4,1692
2535,79.2,1853
2536,90.4,1793
2537,90.6,1887
2538,90.2,1939
2539,78.6,1762
2540,53.2,1873
2541,59.3,1704
2542,73.3,1832
2543,76.0,1914
2544,50.8,1843
2545,65.1,1792
2546,50.5,1766
2547,61.1,1715
2548,64.6,1846
2549,104.7,1748
2550,85.1,1782
2551,65.8,1813
2552,90.2,1659
2553,97.3,1801
2554,80.5,1737
2555,71.7,1891
2556,79.6,1865
2557,100.2,1890
2558,75.4,1897
2559,67.2,1772
2560,64.0,1760
2561,91.6,1867
2562,71.6,1639
2563,89.9,1758
2564,60.8,1763
2565,62.5,1734
2566,63.9,1789
2567,67.8,1761
2568,63.4,1828
2569,92.8,1911
2570,53.1,1824
2571,82.2,1890
2572,67.7,1775
2573,89.3,1753
2574,54.9,1755
2575,50.5,1839
2576,38.9,1814
2577,64.3,1874
2578,70.4,1750
2579,58.2,1799
2580,46.0,1882
2581,80.1,1750
2582,97.6,1858
2583,77.7,1777
2584,91.9,1844
2585,76.1,1776
2586,70.2,1750
2587,69.1,1769
2588,83.7,1839
2589,88.6,1697
2590,54.9,1771
2591,46.3,1854
2592,84.1,1853
2593,42.3,1762
2594,60.6,1802
2595,61.6,1875
2596,85.8,1707
2597,80.5,1802
2598,87.5,1819
2599,79.2,1785
2600,72.1,1716
2601,71.6,1861
2602,71.8,1778
2603,67.6,1778
2604,54.0,1852
2605,90.0,1744
2606,84.5,1806
2607,33.3,1813
2608,85.2,1801
2609,65.6,1795
2610,81.4,1902
2611,83.9,1735
2612,71.5,1739
2613,75.1,1770
2614,85.0,1896
2615,58.9,1873
2616,90.1,1751
2617,77.4,1787
2618,79.8,1760
2619,60.9,1831
2620,96.4,1896
2621,78.9,1705
2622,83.3,1865
2623,74.4,1848
2624,79.8,1702
2625,88.7,1702
2626,85.7,1791
2627,74.7,1812
2628,83.7,1771
2629,78.0,1928
2630,84.7,1759
2631,98.9,1792
2632,96.8,1762
2633,61.7,1765
2634,97.1,1847
2635,88.1,1826
2636,62.0,1703
2637,65.6,1885
2638,75.4,1733
2639,99.9,1855
2640,67.2,1814
2641,59.6,1906
2642,61.9,1768
2643,73.1,1800
2644,64.6,1785
2645,87.3,1744
2646,77.8,1796
2647,65.7,1782
2648,73.6,1752
2649,82.3,1759
2650,86.9,1832
2651,78.1,1842
2652,90.6,1817
2653,76.7,1741
2654,73.8,1800
2655,70.4,1688
2656,72.5,1714
2657,67.7,1720
2658,75.6,1659
2659,114.1,1846
2660,55.5,1842
2661,70.6,1858
2662,62.1,1813
2663,49.1,1670
2664,75.9,1869
2665,73.5,1823
2666,71.1,1853
2667,63.3,1926
2668,77.0,1829
2669,66.2,1789
2670,68.0,1868
2671,59.2,1808
2672,66.4,1726
2673,96.1,1770
2674,102.1,1848
2675,77.1,1777
2676,85.3,1829
2677,72.1,1903
2678,74.8,1811
2679,73.8,1820
2680,79.5,1719
2681,65.5,1766
2682,85.6,1853
2683,62.7,1770
2684,79.3,1747
2685,63.7,1801
2686,58.7,1813
2687,57.6,1897
2688,77.9,1726
2689,100.8,1786
2690,87.5,1753
2691,70.1,1770
2692,77.1,1799
2693,47.7,1871
2694,67.7,1863
2695,65.9,1720
2696,64.3,1894
2697,94.4,1778
2698,94.5,1857
2699,78.0,1969
2700,53.6,1698
2701,71.8,1852
2702,48.0,1805
2703,94.3,1713
2704,54.0,1788
2705,65.2,1809
2706,70.5,1795
2707,82.6,1806
2708,67.7,1855
2709,79.6,1792
2710,89.7,1837
2711,66.6,1857
2712,78.3,1759
2713,47.9,1879
2714,67.8,1775
2715,78.8,1855
2716,65.3,1751
2717,83.0,1788
2718,80.1,1810
2719,86.1,1952
2720,84.7,1823
2721,74.7,1805
2722,82.8,1837
2723,99.4,1745
2724,66.5,1704
2725,71.1,1701
2726,56.3,1783
2727,68.3,1793
2728,88.7,1764
2729,80.3,1770
2730,92.6,1821
2731,76.3,1682
2732,69.1,1757
2733,87.5,1812
2734,67.4,1853
2735,94.9,1814
2736,80.4,1690
2737,76.9,1817
2738,69.5,1854
2739,101.5,1731
2740,56.0,1754
2741,79.7,1889
2742,53.9,1686
2743,85.8,1807
2744,67.3,1782
2745,69.4,1760
2746,84.4,1780
2747,47.6,1775
2748,66.4,1857
2749,59.1,1792
2750,77.3,1903
2751,79.7,1826
2752,85.0,1877
2753,57.2,1840
2754,97.3,1807
2755,56.4,2018
2756,96.9,1796
2757,81.0,1864
2758,96.1,1776
2759,64.5,1741
2760,42.6,1820
2761,75.1,1807
2762,87.7,1773
2763,53.9,1730
2764,93.5,1780
2765,72.9,1761
2766,70.4,1763
2767,85.3,1775
2768,81.3,1843
2769,68.4,1793
2770,75.6,1837
2771,89.6,1854
2772,92.3,1892
2773,76.1,1759
2774,91.1,1781
2775,108.0,1729
2776,68.4,1777
2777,92.6,1731
2778,64.9,1735
2779,76.7,1796
2780,90.9,1788
2781,78.5,1769
2782,69.4,1784
2783,83.1,1912
2784,92.7,1790
2785,81.9,1796
2786,80.1,1854
2787,62.3,1720
2788,62.9,1719
2789,90.3,1770
2790,74.2,1743
2791,55.3,1850
2792,81.4,1817
2793,62.9,1854
2794,68.7,1736
2795,99.8,1780
2796,93.2,1822
2797,78.1,1829
2798,65.0,1849
2799,71.1,1871
2800,90.6,1745
2801,110.1,1810
2802,62.2,1711
2803,78.2,1775
2804,91.0,1897
2805,71.9,1870
2806,81.3,1698
2807,89.5,1784
2808,97.1,1871
2809,55.8,1688
2810,65.3,1680
2811,67.0,1782
2812,95.0,1748
2813,95.2,1860
2814,89.8,1777
2815,77.0,1696
2816,80.1,1780
2817,61.9,1953
2818,78.1,1749
2819,75.2,1739
2820,74.1,1708
2821,68.2,1842
2822,78.3,1868
2823,62.7,1813
2824,65.4,1763
2825,67.5,1773
2826,85.9,1664
2827,63.9,1828
2828,51.3,1869
2829,52.7,1839
2830,59.4,1774
2831,48.6,1790
2832,79.0,1820
2833,91.8,1777
2834,93.1,1690
2835,54.2,1797
2836,58.7,1842
2837,83.8,1838
2838,56.3,1794
2839,60.2,1557
2840,60.5,1700
2841,83.8,1770
2842,95.7,1859
2843,90.8,1726
2844,64.4,1821
2845,70.1,1776
2846,81.4,1799
2847,71.5,1896
2848,41.2,1703
2849,64.3,1693
2850,57.4,1816
2851,33.6,1756
2852,86.2,1867
2853,80.0,1801
2854,81.4,1819
2855,76.0,1850
2856,85.8,1904
2857,87.0,1805
2858,69.5,1782
2859,77.9,1844
2860,61.2,1775
2861,100.2,1890
2862,73.8,1814
2863,77.9,1828
2864,104.8,1819
2865,84.9,1692
2866,97.6,1802
2867,94.5,1757
2868,61.9,1734
2869,75.1,1839
2870,40.2,1807
2871,59.7,1880
2872,73.0,1781
2873,70.4,1758
2874,91.4,1822
2875,58.6,1761
2876,83.7,1837
2877,85.0,1791
2878,53.4,1846
2879,68.3,1838
2880,85.3,1858
2881,100.5,1858
2882,84.0,1709
2883,50.1,1760
2884,61.9,1874
2885,75.5,1784
2886,67.9,1795
2887,92.7,1651
2888,81.2,1840
2889,77.9,1760
2890,69.6,1866
2891,63.2,2041
2892,70.2,1861
2893,83.9,1820
2894,71.1,1881
2895,73.7,1771
2896,73.0,1708
2897,72.1,1715
2898,61.1,1757
2899,85.5,1736
2900,80.6,1716
2901,56.8,1775
2902,98.5,1758
2903,74.0,1785
2904,56.7,1776
2905,66.2,1814
2906,90.8,1795
2907,90.8,1826
2908,84.7,1733
2909,76.0,1817
2910,77.9,1730
2911,63.1,1909
2912,78.4,1759
2913,62.0,1792
2914,41.6,1839
2915,81.1,1808
2916,82.1,1788
2917,93.9,1854
2918,74.4,1821
2919,63.1,1724
2920,69.0,1878
2921,87.1,1693
2922,47.1,1809
2923,86.1,1878
2924,112.3,1897
2925,79.8,1905
2926,93.8,1854
2927,63.1,1759
2928,108.5,1822
2929,71.9,1781
2930,81.5,1816
2931,76.2,1888
2932,57.5,1964
2933,59.3,1806
2934,83.8,1700
2935,66.1,1847
2936,70.9,1880
2937,70.9,1748
2938,78.2,1858
2939,99.8,1726
2940,86.0,1761
2941,63.4,1825
2942,74.1,1836
2943,61.0,1691
2944,73.1,1870
2945,80.3,1819
2946,57.5,1865
2947,78.5,1882
2948,65.9,1867
2949,69.9,1680
2950,72.0,1766
2951,61.7,1833
2952,85.7,1664
2953,55.1,1723
2954,55.5,1766
2955,57.2,1785
2956,90.8,1797
2957,73.7,1761
2958,92.1,1884
2959,63.4,1759
2960,62.3,1719
2961,53.7,1799
2962,64.0,1805
2963,85.6,1711
2964,76.4,1827
2965,77.1,1926
2966,84.9,1776
2967,65.7,1785
2968,96.7,1889
2969,84.3,1788
2970,48.8,1833
2971,70.5,1785
2972,86.9,1756
2973,59.0,1777
2974,83.8,1834
2975,94.2,1832
2976,60.5,1773
2977,41.7,1817
2978,60.9,1720
2979,98.8,1777
2980,66.9,1833
2981,89.7,1898
2982,64.3,1768
2983,49.6,1811
2984,97.1,1817
2985,81.5,1888
2986,49.0,1695
2987,86.9,1854
2988,104.5,1827
2989,54.2,1768
2990,90.7,1842
2991,61.0,1830
2992,81.4,1883
2993,96.9,1722
2994,61.5,1851
2995,72.6,1817
2996,76.6,1816
2997,78.5,1820
2998,66.5,1777
2999,64.4,1831
3000,84.3,1812
3001,85.4,1861
3002,95.5,1749
3003,74.6,1734
3004,98.1,1708
3005,51.7,1742
3006,105.7,1943
3007,64.2,1784
3008,58.2,1774
3009,54.5,1775
3010,75.5,1745
3011,87.9,1774
3012,72.4,1794
3013,65.2,1824
3014,62.8,1842
3015,74.9,1772
3016,76.4,1885
3017,80.3,1743
3018,54.2,1788
3019,64.1,1741
3020,64.6,1822
3021,61.7,1752
3022,69.7,1934
3023,61.5,1859
3024,79.0,1861
3025,76.6,1861
3026,78.1,1834
3027,74.9,1671
3028,75.1,1754
3029,90.3,1847
3030,70.0,1760
3031,63.2,1809
3032,91.3,1806
3033,79.2,1775
3034,60.8,1705
3035,79.8,1757
3036,70.3,1758
3037,55.9,1842
3038,71.2,1740
3039,55.8,1803
3040,95.9,1864
3041,35.7,1777
3042,81.8,1809
3043,68.2,1842
3044,64.9,1820
3045,70.4,1865
3046,67.0,1851
3047,45.7,1689
3048,89.9,1826
3049,92.2,1871
3050,56.8,1859
3051,80.0,1867
3052,54.7,1769
3053,53.9,1824
3054,70.7,1804
3055,99.1,1771
3056,79.3,1825
3057,59.6,1891
3058,50.9,1859
3059,58.0,1809
3060,73.5,1755
3061,61.1,1760
3062,68.6,1798
3063,70.2,1737
3064,74.4,1783
3065,79.3,1912
3066,80.5,1799
3067,60.7,1848
3068,90.2,1744
3069,92.4,1695
3070,85.6,1757
3071,84.0,1786
3072,81.7,1816
3073,85.7,1794
3074,68.5,1784
3075,54.3,1784
3076,57.0,1735
3077,73.7,1800
3078,89.3,1700
3079,55.1,1749
3080,90.3,1822
3081,66.5,1824
3082,54.1,1720
3083,57.6,1783
3084,109.4,1786
3085,56.0,1755
3086,72.1,1815
3087,62.4,1851
3088,48.8,1724
3089,90.3,1663
3090,75.1,1798
3091,55.9,1852
3092,79.3,1795
3093,85.8,1740
3094,70.0,1840
3095,105.3,1875
3096,106.2,1686
3097,87.6,1706
3098,90.0,1784
3099,77.4,1766
3100,67.2,1769
3101,60.9,1850
3102,86.9,1918
3103,88.3,1734
3104,49.8,1707
3105,78.2,1847
3106,82.1,1765
3107,82.2,1872
3108,74.8,1861
3109,58.6,1796
3110,55.2,1763
3111,57.0,1813
3112,65.1,1908
3113,67.5,1881
3114,57.6,1794
3115,71.1,1776
3116,74.5,1805
3117,82.0,1762
3118,89.4,1771
3119,64.4,1885
3120,83.2,1885
3121,71.4,1690
3122,80.5,1804
3123,76.3,1809
3124,82.7,1790
3125,79.6,1858
3126,75.4,1891
3127,80.1,1820
3128,84.9,1644
3129,70.4,1819
3130,104.2,1852
3131,100.4,1882
3132,96.3,1808
3133,63.3,1755
3134,68.9,1845
3135,60.4,1824
3136,67.7,1942
3137,55.3,1881
3138,78.6,1852
3139,61.2,1745
3140,78.3,1765
3141,80.3,1812
3142,74.1,1817
3143,58.6,1699
3144,86.0,1773
3145,62.5,1826
3146,84.2,1849
3147,55.3,1861
3148,58.3,1754
3149,68.6,1760
3150,51.7,1879
3151,98.2,1771
3152,52.0,1776
3153,71.9,1775
3154,94.1,1849
3155,71.8,1973
3156,77.4,1846
3157,61.6,1896
3158,57.1,1741
3159,89.2,1764
3160,55.8,1724
3161,68.7,1828
3162,70.4,1792
3163,97.7,1802
3164,64.2,1732
3165,73.3,1763
3166,77.6,1691
3167,88.2,1791
3168,51.6,1726
3169,102.3,1792
3170,61.9,1865
3171,56.0,1794
3172,66.3,1824
3173,55.3,1840
3174,45.7,1832
3175,67.5,1841
3176,83.3,1800
3177,90.8,1810
3178,93.9,1874
3179,80.9,1925
3180,73.8,1701
3181,92.4,1811
3182,78.4,1795
3183,79.9,1825
3184,84.4,1797
3185,83.2,1841
3186,71.7,1791
3187,65.0,1845
3188,83.6,1894
3189,118.6,1791
3190,66.1,1818
3191,48.6,1740
3192,70.4,1834
3193,76.8,1872
3194,75.3,1781
3195,63.0,1670
3196,53.0,1755
3197,68.8,1751
3198,73.7,1787
3199,106.8,1758
3200,50.6,1634
3201,80.1,1846
3202,76.9,1816
3203,77.8,1827
3204,63.9,1758
3205,90.0,1779
3206,89.7,1804
3207,69.1,1882
3208,89.5,1854
3209,92.4,1847
3210,69.6,1807
3211,72.0,1883
3212,68.9,1824
3213,78.1,1838
3214,94.8,1745
3215,90.2,1773
3216,89.5,1815
3217,103.8,1748
3218,64.0,1768
3219,77.4,1755
3220,74.3,1832
3221,83.1,1728
3222,84.9,1819
3223,89.6,1840
3224,97.3,1748
3225,70.6,1811
3226,96.3,1805
3227,68.9,1714
3228,79.1,1742
3229,56.6,1750
3230,101.0,1791
3231,44.1,1825
3232,93.3,1733
3233,79.0,1787
3234,86.3,1825
3235,50.6,1811
3236,101.5,1629
3237,68.9,1778
3238,97.4,1829
3239,69.8,1792
3240,77.8,1929
3241,50.7,1840
3242,79.8,1764
3243,66.0,1801
3244,82.4,1917
3245,88.8,1811
3246,69.8,1828
3247,72.0,1843
3248,43.4,1746
3249,80.7,1796
3250,63.1,1718
3251,68.6,1768
3252,99.1,1742
3253,70.3,1775
3254,75.2,1808
3255,91.4,1741
3256,98.0,1759
3257,91.6,1800
3258,74.6,1693
3259,76.9,1854
3260,61.6,1799
3261,72.7,1804
3262,75.4,1819
3263,68.2,1741
3264,54.5,1895
3265,57.9,1744
3266,60.2,1788
3267,57.6,1817
3268,83.9,1749
3269,67.3,1855
3270,63.1,1709
3271,61.6,1815
3272,58.4,1741
3273,80.1,1854
3274,72.6,1774
3275,73.6,1784
3276,64.8,1741
3277,88.1,1831
3278,69.3,1912
3279,79.4,1709
3280,74.9,1812
3281,55.9,1784
3282,73.1,1852
3283,84.4,1750
3284,77.6,1825
3285,97.1,1826
3286,82.8,1838
3287,65.2,1753
3288,80.9,1818
3289,64.9,1664
3290,73.2,1797
3291,81.8,1951
3292,56.2,1721
3293,64.8,1727
3294,82.9,1758
3295,89.3,1725
3296,56.0,1836
3297,44.6,1841
3298,69.4,1791
3299,86.8,1847
3300,61.5,1775
3301,79.8,1788
3302,80.9,1767
3303,71.0,1831
3304,94.0,1894
3305,114.0,1845
3306,82.5,1632
3307,93.8,1765
3308,91.0,1982
3309,72.7,1779
3310,58.8,1745
3311,61.9,1865
3312,60.8,1834
3313,80.7,1889
3314,77.6,1806
3315,62.4,1840
3316,86.3,1800
3317,59.9,1898
3318,91.3,1878
3319,72.7,1857
3320,93.1,1678
3321,80.4,1850
3322,72.2,1707
3323,52.5,1774
3324,47.8,1808
3325,37.9,1853
3326,81.4,1815
3327,85.6,1781
3328,57.4,1732
3329,63.0,1761
3330,63.3,1759
3331,78.4,1779
3332,75.5,1763
3333,52.5,1843
3334,77.9,1826
3335,69.0,1798
3336,91.5,1780
3337,94.2,1858
3338,75.0,1781
3339,63.0,1782
3340,52.6,1808
3341,57.4,1835
3342,96.5,1733
3343,54.3,1804
3344,80.5,1842
3345,88.4,1847
3346,67.1,1815
3347,77.8,1825
3348,78.4,1747
3349,81.6,1804
3350,71.9,1797
3351,60.1,1811
3352,82.3,1782
3353,83.4,1629
3354,66.8,1793
3355,68.6,1805
3356,65.2,1782
3357,109.6,1820
3358,63.2,1807
3359,65.7,1774
3360,98.8,1768
3361,65.3,1833
3362,45.7,1887
3363,72.4,1773
3364,62.0,1900
3365,89.6,1840
3366,83.1,1899
3367,65.2,1858
3368,56.0,1861
3369,80.3,1938
3370,71.4,1939
3371,88.0,1759
3372,80.1,1752
3373,76.4,1834
3374,105.7,1794
3375,60.5,1832
3376,71.0,1816
3377,71.0,1871
3378,98.3,1739
3379,62.2,1733
3380,98.7,1832
3381,92.0,1816
3382,46.1,1864
3383,94.0,1801
3384,65.0,1833
3385,66.6,1767
3386,69.1,1778
3387,61.8,1926
3388,66.7,1787
3389,71.7,1802
3390,67.4,1733
3391,50.0,1858
3392,92.4,1731
3393,52.7,1705
3394,88.0,1757
3395,59.8,1883
3396,88.5,1672
3397,59.6,1825
3398,81.7,1849
3399,80.5,1830
3400,65.7,1948
3401,88.3,1796
3402,73.7,1736
3403,101.7,1729
3404,107.5,1848
3405,104.0,1822
3406,68.2,1788
3407,89.4,1833
3408,73.3,1796
3409,81.2,1845
3410,62.4,1717
3411,97.7,1836
3412,66.9,1811
3413,76.2,1744
3414,73.6,1924
3415,91.0,1795
3416,75.1,1755
3417,95.8,1747
3418,68.6,1822
3419,88.1,1830
3420,67.1,1778
3421,77.5,1831
3422,93.8,1776
3423,70.8,1862
3424,87.8,1878
3425,69.6,1769
3426,92.0,1834
3427,81.9,1761
3428,107.0,1814
3429,60.6,1864
3430,74.2,1812
3431,81.1,1800
3432,57.8,1750
3433,79.5,1798
3434,87.9,1735
3435,80.1,1766
3436,67.6,1734
3437,93.5,1753
3438,66.3,1835
3439,78.1,1777
3440,77.5,1675
3441,62.8,1800
3442,78.4,1743
3443,62.3,1867
3444,77.8,1931
3445,54.4,1917
3446,48.3,1822
3447,74.4,1743
3448,80.0,1779
3449,87.9,1864
3450,86.0,1719
3451,67.3,1848
3452,77.6,1812
3453,58.3,1839
3454,95.5,1761
3455,54.0,1783
3456,98.6,1754
3457,66.2,1762
3458,88.3,1876
3459,76.8,1745
3460,88.9,1748
3461,96.8,1860
3462,73.5,1854
3463,71.2,1839
3464,81.8,1784
3465,71.9,1783
3466,76.2,1828
3467,81.3,1886
3468,60.2,1724
3469,88.8,1841
3470,58.9,1793
3471,101.2,1750
3472,64.2,1789
3473,60.5,1695
3474,77.4,1764
3475,55.1,1758
3476,97.1,1727
3477,54.3,1835
3478,69.9,1737
3479,63.6,1902
3480,62.9,1726
3481,77.0,1767
3482,88.0,1878
3483,73.5,1827
3484,66.9,1684
3485,77.5,1701
3486,63.0,1930
3487,83.3,1726
3488,58.5,1857
3489,71.6,1767
3490,77.1,1800
3491,75.2,1800
3492,71.9,1862
3493,65.6,1728
3494,69.7,1771
3495,75.5,1870
3496,63.9,1832
3497,55.6,1867
3498,80.6,1845
3499,74.5,1868
3500,45.5,1808
3501,58.7,1772
3502,80.6,1796
3503,63.3,1853
3504,89.2,1748
3505,97.7,1778
3506,91.5,1840
3507,68.4,1797
3508,74.4,1806
3509,84.7,1893
3510,86.2,1802
3511,74.6,1835
3512,69.0,1733
3513,57.6,1807
3514,74.8,1773
3515,82.2,1788
3516,70.9,1807
3517,82.0,1850
3518,108.2,1799
3519,49.5,1694
3520,94.5,1888
3521,80.5,1854
3522,85.7,1803
3523,83.8,1784
3524,64.7,1842
3525,66.7,1891
3526,70.0,1839
3527,83.3,1728
3528,77.6,1772
3529,85.6,1933
3530,90.2,1788
3531,84.4,1687
3532,78.5,1874
3533,45.3,1818
3534,74.8,1935
3535,84.5,1808
3536,53.8,1851
3537,59.9,1766
3538,84.7,1744
3539,83.2,1779
3540,63.0,1709
3541,76.7,1756
3542,98.8,1837
3543,79.1,1890
3544,71.0,1760
3545,56.9,1840
3546,94.5,1781
3547,71.9,1778
3548,69.5,1803
3549,51.5,1755
3550,72.5,1775
3551,54.9,1714
3552,92.9,1748
3553,59.4,1853
3554,102.5,1808
3555,82.2,1815
3556,87.6,1847
3557,112.4,1766
3558,89.3,1843
3559,66.9,1694
3560,81.0,1670
3561,102.6,1859
3562,47.2,1772
3563,90.5,1838
3564,83.4,1781
3565,96.9,1801
3566,71.5,1831
3567,84.8,1918
3568,74.7,1790
3569,70.5,1805
3570,70.6,1838
3571,75.8,1839
3572,52.7,1924
3573,79.9,1755
3574,89.1,1776
3575,62.7,1902
3576,77.9,1754
3577,113.7,1704
3578,67.5,1800
3579,49.7,1627
3580,72.9,1763
3581,68.7,1629
3582,70.1,1717
3583,81.6,1772
3584,77.0,1771
3585,77.5,1793
3586,74.3,1725
3587,95.7,1857
3588,80.2,1807
3589,88.7,1797
3590,84.6,1852
3591,88.2,1745
3592,71.2,1896
3593,54.2,1846
3594,95.4,1675
3595,61.2,1861
3596,60.1,1776
3597,77.6,1830
3598,51.7,1805
3599,76.6,1766
3600,59.8,1790
3601,94.5,1727
3602,76.6,1852
3603,56.1,1815
3604,61.9,1789
3605,73.6,1768
3606,76.7,1774
3607,71.2,1775
3608,97.0,1668
3609,80.0,1805
3610,65.1,1930
3611,78.9,1843
3612,61.1,1837
3613,65.1,1809
3614,74.0,1796
3615,86.5,1686
3616,68.0,1793
3617,91.9,1771
3618,67.6,1840
3619,85.4,1777
3620,84.5,1781
3621,79.3,1741
3622,77.7,1729
3623,72.3,1886
3624,48.3,1813
3625,69.0,1738
3626,89.6,1837
3627,90.9,1845
3628,76.3,1740
3629,63.2,1812
3630,93.4,1856
3631,75.3,1764
3632,84.9,1881
3633,75.4,1843
3634,70.8,1763
3635,50.5,1832
3636,86.8,1750
3637,66.5,1698
3638,83.0,1792
3639,78.9,1739
3640,103.0,1901
3641,81.8,1901
3642,93.0,1931
3643,58.6,1763
3644,73.6,1830
3645,72.6,1819
3646,81.4,1783
3647,92.6,1794
3648,61.0,1743
3649,75.1,1766
3650,82.4,1840
3651,67.6,1717
3652,51.0,1834
3653,84.2,1808
3654,103.1,1811
3655,73.2,1766
3656,75.2,1861
3657,74.5,1784
3658,90.3,1773
3659,59.1,1849
3660,82.0,1732
3661,80.8,1797
3662,98.3,1791
3663,38.5,1752
3664,70.9,1746
3665,76.1,1847
3666,95.2,1836
3667,92.1,1653
3668,86.3,1714
3669,55.2,1722
3670,76.4,1787
3671,88.3,1662
3672,93.4,1828
3673,96.5,1924
3674,81.7,1708
3675,63.8,1782
3676,68.1,1794
3677,85.6,1769
3678,74.0,1839
3679,63.4,1756
3680,64.2,1803
3681,99.6,1822
3682,78.5,1798
3683,81.5,1905
3684,89.8,1778
3685,86.2,1864
3686,62.8,1831
3687,73.6,1713
3688,58.1,1813
3689,80.6,1673
3690,54.5,1811
3691,86.8,1821
3692,77.5,1737
3693,53.5,1727
3694,66.1,1761
3695,72.4,1817
3696,80.2,1883
3697,70.9,1819
3698,80.3,1787
3699,63.3,1894
3700,73.7,1824
3701,62.3,1889
3702,77.1,1826
3703,73.8,1758
3704,66.1,1758
3705,68.4,1795
3706,100.3,1715
3707,34.0,1894
3708,85.7,1918
3709,82.4,1789
3710,66.1,1860
3711,70.0,1881
3712,90.4,1855
3713,75.8,1756
3714,67.0,1720
3715,88.5,1710
3716,63.0,1808
3717,78.7,1716
3718,74.6,1702
3719,80.0,1824
3720,96.9,1889
3721,103.7,1869
3722,75.2,1792
3723,106.4,1749
3724,78.1,1667
3725,50.1,1796
3726,56.3,1787
3727,87.7,1656
3728,93.7,1857
3729,88.2,1797
3730,107.4,1715
3731,62.9,1863
3732,90.3,1682
3733,86.0,1681
3734,55.4,1853
3735,74.3,1771
3736,66.3,1747
3737,58.5,1835
3738,54.8,1872
3739,58.3,1789
3740,89.8,1885
3741,90.1,1815
3742,77.5,1749
3743,76.0,1781
3744,87.8,1807
3745,63.4,1703
3746,66.3,1824
3747,107.8,1799
3748,88.3,1843
3749,57.5,1715
3750,78.9,1754
3751,76.4,1835
3752,73.4,1899
3753,77.6,1851
3754,78.9,1812
3755,73.0,1847
3756,39.0,1775
3757,71.4,1726
3758,70.8,1732
3759,93.4,1836
3760,40.1,1830
3761,86.3,1777
3762,79.6,1817
3763,77.0,1828
3764,80.6,1694
3765,89.0,1755
3766,55.2,1747
3767,83.5,1735
3768,70.8,1898
3769,75.2,1720
3770,58.1,1812
3771,86.0,1810
3772,81.8,1845
3773,63.9,1714
3774,77.9,1799
3775,95.4,1833
3776,107.7,1835
3777,86.0,1784
3778,113.3,1784
3779,74.0,1613
3780,40.8,1813
3781,58.0,1840
3782,68.3,1833
3783,81.6,1818
3784,59.2,1893
3785,65.3,1733
3786,91.7,1889
3787,80.3,1827
3788,59.4,1819
3789,42.6,1780
3790,80.0,1807
3791,59.0,1925
3792,65.3,1893
3793,79.2,1907
3794,89.3,1736
3795,40.9,1869
3796,87.0,1821
3797,65.4,1782
3798,103.7,1839
3799,88.5,1795
3800,95.2,1773
3801,83.6,1831
3802,46.3,1818
3803,75.1,1798
3804,46.1,1909
3805,89.6,1845
3806,98.6,1815
3807,76.0,1842
3808,63.8,1809
3809,63.3,1738
3810,58.4,1695
3811,72.2,1827
3812,68.8,1699
3813,90.4,1781
3814,83.2,1820
3815,77.2,1753
3816,72.6,1770
3817,80.1,1790
3818,76.2,1900
3819,84.0,1770
3820,77.2,1767
3821,66.1,1819
3822,90.0,1850
3823,84.6,1883
3824,79.5,1779
3825,75.9,1888
3826,75.9,1758
3827,92.6,1882
3828,94.4,1849
3829,92.8,1851
3830,58.2,1802
3831,44.6,1834
3832,49.7,1820
3833,67.1,1763
3834,60.1,1843
3835,81.2,1893
3836,68.9,1796
3837,87.4,1895
3838,62.1,1741
3839,79.2,1839
3840,64.0,1810
3841,69.1,1814
3842,80.6,1727
3843,74.1,1727
3844,69.2,1779
3845,58.7,1823
3846,43.4,1893
3847,86.7,1847
3848,73.7,1725
3849,79.9,1767
3850,74.4,1797
3851,81.2,1714
3852,60.8,1769
3853,54.5,1792
3854,115.3,1730
3855,91.6,1727
3856,80.8,1929
3857,84.5,1788
3858,79.9,1824
3859,88.4,1830
3860,47.8,1814
3861,84.9,1718
3862,56.6,1806
3863,68.1,1833
3864,79.6,1715
3865,37.7,1807
3866,75.2,1872
3867,106.1,1780
3868,62.0,1802
3869,80.6,1788
3870,74.5,1796
3871,72.8,1798
3872,65.9,1768
3873,85.6,1765
3874,85.5,1763
3875,75.9,1861
3876,54.6,1767
3877,91.7,1952
3878,68.6,1801
3879,85.6,1799
3880,61.3,1856
3881,81.7,1763
3882,43.5,1861
3883,77.8,1792
3884,52.6,1748
3885,64.1,1837
3886,72.0,1774
3887,74.5,1735
3888,78.4,1765
3889,88.1,1841
3890,79.1,1978
3891,66.8,1806
3892,40.8,1816
3893,98.2,1797
3894,58.9,1734
3895,66.5,1823
3896,82.1,1757
3897,77.1,1872
3898,89.9,1803
3899,61.8,1797
3900,66.2,1836
3901,76.7,1807
3902,63.8,1756
3903,65.7,1805
3904,66.5,1678
3905,81.2,1822
3906,75.9,1793
3907,93.1,1789
3908,67.6,1865
3909,69.3,1716
3910,88.2,1709
3911,57.2,1827
3912,94.2,1836
3913,94.7,1809
3914,79.7,1806
3915,75.4,1866
3916,69.9,1757
3917,63.9,1792
3918,69.8,1824
3919,66.0,1827
3920,58.4,1832
3921,86.1,1781
3922,70.0,1768
3923,82.8,1826
3924,67.2,1901
3925,78.6,1837
3926,66.1,1758
3927,66.7,1722
3928,73.3,1826
3929,84.9,1698
3930,70.5,1793
3931,71.1,1674
3932,61.1,1853
3933,65.8,1716
3934,53.8,1788
3935,72.3,1809
3936,47.3,1867
3937,59.7,1880
3938,83.3,1740
3939,42.0,1770
3940,66.4,1762
3941,78.0,1857
3942,70.2,1790
3943,62.4,1805
3944,88.5,1730
3945,67.6,1814
3946,97.1,1785
3947,100.9,1834
3948,51.5,1829
3949,34.3,1643
3950,88.9,1874
3951,55.8,1885
3952,98.2,1691
3953,83.3,1848
3954,109.5,1865
3955,72.4,1888
3956,68.1,1676
3957,55.7,1782
3958,116.0,1712
3959,84.4,1715
3960,80.2,1704
3961,70.2,1762
3962,82.6,1796
3963,67.8,1742
3964,75.0,1904
3965,63.9,1728
3966,63.0,1812
3967,86.5,1813
3968,83.2,1731
3969,75.6,1801
3970,65.7,1811
3971,50.4,1798
3972,64.9,1760
3973,65.2,1857
3974,49.0,1860
3975,82.0,1901
3976,98.3,1810
3977,91.4,1868
3978,101.0,1796
3979,80.4,1597
3980,57.0,1771
3981,50.9,1775
3982,96.8,1839
3983,61.2,1798
3984,72.8,1819
3985,71.3,1794
3986,84.8,1736
3987,104.6,1939
3988,63.2,1726
3989,57.6,1799
3990,103.2,1810
3991,72.7,1870
3992,71.1,1853
3993,85.0,1864
3994,82.6,1787
3995,60.2,1707
3996,78.2,1841
3997,79.4,1810
3998,91.2,1699
3999,61.2,1746
4000,58.2,1818
4001,89.5,1939
4002,54.9,1782
4003,84.0,1749
4004,99.6,1761
4005,84.6,1855
4006,82.9,1794
4007,75.1,1721
4008,68.8,1830
4009,55.7,1727
4010,58.4,1828
4011,82.4,1827
4012,86.2,1763
4013,52.7,1748
4014,77.9,1850
4015,73.6,1872
4016,74.3,1802
4017,65.2,1787
4018,67.9,1739
4019,75.2,1765
4020,58.5,1835
4021,77.0,1825
4022,71.7,1878
4023,65.7,1895
4024,61.5,1767
4025,70.9,1805
4026,59.8,1689
4027,87.0,1782
4028,82.7,1830
4029,42.8,1734
4030,86.3,1819
4031,77.4,1757
4032,77.6,1807
4033,83.4,1712
4034,58.7,1787
4035,56.9,1732
4036,69.4,1798
4037,87.5,1759
4038,80.5,1783
4039,63.4,1870
4040,77.1,1703
4041,51.1,1775
4042,97.5,1711
4043,77.9,1856
4044,91.3,1666
4045,74.6,1767
4046,62.9,1784
4047,75.9,1782
4048,94.0,1816
4049,97.3,1847
4050,97.2,1764
4051,84.2,1843
4052,87.7,1888
4053,66.1,1794
4054,75.8,1980
4055,66.5,1812
4056,69.9,1721
4057,44.8,1809
4058,71.4,1904
4059,54.0,1872
4060,79.0,1785
4061,59.5,1828
4062,78.0,1846
4063,86.7,1798
4064,75.2,1878
4065,83.2,1778
4066,79.9,1753
4067,61.2,1776
4068,94.9,1728
4069,82.8,1842
4070,97.6,1863
4071,51.9,1814
4072,63.4,1761
4073,87.8,1867
4074,74.0,1787
4075,72.6,1737
4076,89.2,1742
4077,57.3,1854
4078,101.1,1723
4079,109.3,1754
4080,59.6,1826
4081,88.0,1764
4082,66.2,1786
4083,50.3,1857
4084,72.4,1868
4085,67.2,1774
4086,60.4,1757
4087,69.2,1797
4088,75.1,1833
4089,86.7,1715
4090,70.5,1697
4091,76.8,1827
4092,89.0,1787
4093,84.7,1890
4094,81.4,1806
4095,67.4,1804
4096,71.0,1893
4097,106.3,1851
4098,58.1,1834
4099,78.4,1704
4100,73.1,1794
4101,67.1,1941
4102,103.7,1716
4103,82.4,1832
4104,64.0,1723
4105,51.8,1749
4106,69.0,1925
4107,51.4,1810
4108,70.4,1796
4109,45.3,1876
4110,83.2,1802
4111,67.1,1868
4112,56.8,1886
4113,84.3,1813
4114,84.6,1713
4115,97.1,1635
4116,77.6,1838
4117,92.9,1846
4118,90.6,1813
4119,54.2,1755
4120,99.9,1776
4121,79.8,1758
4122,85.4,1809
4123,89.6,1872
4124,98.9,1819
4125,91.6,1729
4126,60.3,1752
4127,64.5,1841
4128,71.6,1838
4129,56.1,1871
4130,75.1,1746
4131,95.5,1774
4132,79.7,1766
4133,58.9,1627
4134,86.4,1796
4135,73.8,1682
4136,75.1,1754
4137,67.7,1840
4138,79.5,1860
4139,94.6,1701
4140,72.1,1721
4141,70.3,1797
4142,121.5,1794
4143,66.7,1758
4144,74.8,1762
4145,40.2,1740
4146,55.1,1773
4147,62.9,1839
4148,72.2,1830
4149,45.5,1723
4150,76.7,1743
4151,78.3,1822
4152,50.2,1814
4153,79.0,1756
4154,64.4,1799
4155,95.0,1724
4156,90.5,1804
4157,85.6,1768
4158,74.9,1772
4159,84.5,1825
4160,65.3,1840
4161,77.9,1878
4162,62.4,1761
4163,111.3,1807
4164,76.4,1742
4165,69.3,1813
4166,71.3,1754
4167,95.5,1864
4168,80.0,1789
4169,84.3,1815
4170,71.2,1842
4171,76.2,1828
4172,77.9,1764
4173,80.6,1768
4174,70.2,1889
4175,76.8,1764
4176,74.9,1913
4177,68.1,1768
4178,69.1,1742
4179,71.2,1912
4180,110.9,1733
4181,54.5,1811
4182,72.5,1843
4183,56.1,1894
4184,91.6,1786
4185,72.1,1783
4186,83.1,1760
4187,84.5,1777
4188,88.2,1782
4189,52.0,1945
4190,49.2,1753
4191,85.6,1829
4192,103.6,1745
4193,98.1,1773
4194,68.2,1820
4195,60.4,1840
4196,53.5,1834
4197,101.2,1789
4198,90.6,1888
4199,105.9,1775
4200,90.9,1806
4201,71.7,1732
4202,89.5,1673
4203,104.4,1727
4204,75.8,1867
4205,85.2,1774
4206,71.5,1657
4207,67.2,1783
4208,67.0,1891
4209,82.9,1858
4210,84.0,1864
4211,55.8,1920
4212,70.1,1791
4213,63.4,1855
4214,89.5,1825
4215,81.1,1791
4216,80.7,1777
4217,70.1,1821
4218,90.3,1726
4219,69.3,1780
4220,84.3,1813
4221,77.8,1825
4222,92.0,1777
4223,55.1,1793
4224,54.4,1798
4225,54.1,1897
4226,57.5,1810
4227,79.6,1837
4228,62.0,1912
4229,61.4,1815
4230,64.4,1750
4231,71.0,1857
4232,52.1,1846
4233,98.7,1731
4234,102.9,1743
4235,78.0,1710
4236,75.7,1816
4237,74.4,1830
4238,86.0,1773
4239,78.9,1715
4240,75.5,1736
4241,89.9,1833
4242,110.4,1843
4243,55.2,1769
4244,74.0,1846
4245,96.8,1758
4246,57.7,1863
4247,86.8,1788
4248,54.7,1804
4249,66.3,1801
4250,76.8,1713
4251,90.0,1765
4252,79.7,1840
4253,73.4,1902
4254,85.6,1794
4255,63.5,1852
4256,78.9,1784
4257,71.3,1730
4258,71.7,1953
4259,69.3,1781
4260,45.7,1816
4261,92.8,1775
4262,90.8,1737
4263,81.7,1765
4264,77.8,1757
4265,57.3,1821
4266,78.7,1822
4267,63.0,1800
4268,75.4,1859
4269,83.3,1737
4270,73.8,1890
4271,60.9,1747
4272,59.9,1881
4273,86.4,1736
4274,50.0,1902
4275,59.7,1718
4276,95.6,1916
4277,88.8,1855
4278,75.7,1756
4279,83.5,1774
4280,76.3,1868
4281,85.7,1783
4282,80.1,1826
4283,93.6,1854
4284,101.4,1759
4285,56.3,1780
4286,74.3,1805
4287,67.5,1789
4288,57.6,1678
4289,73.0,1760
4290,73.0,1698
4291,78.1,1761
4292,63.5,1850
4293,63.3,1831
4294,63.7,1652
4295,63.9,1836
4296,65.0,1730
4297,53.9,1829
4298,92.7,1815
4299,102.9,1747
4300,81.1,1740
4301,56.0,1794
4302,74.1,1768
4303,74.9,1785
4304,80.4,1865
4305,48.1,1794
4306,77.5,1794
4307,90.3,1816
4308,81.2,1864
4309,67.9,1798
4310,88.0,1891
4311,72.4,1669
4312,74.8,1848
4313,73.7,1854
4314,68.9,1869
4315,57.7,1910
4316,77.0,1791
4317,66.6,1796
4318,52.1,1882
4319,68.3,1870
4320,67.9,1749
4321,62.9,1800
4322,57.8,1763
4323,80.9,1935
4324,84.9,1750
4325,67.0,1872
4326,85.6,1734
4327,76.6,1884
4328,49.3,1775
4329,78.8,1866
4330,44.6,1870
4331,60.0,1728
4332,87.6,1854
4333,77.4,1789
4334,62.0,1796
4335,87.3,1971
4336,77.1,1807
4337,61.1,1820
4338,53.3,1700
4339,60.4,1806
4340,80.1,1805
4341,92.9,1874
4342,75.6,1770
4343,99.7,1779
4344,56.6,1813
4345,59.9,1716
4346,91.2,1702
4347,61.5,1790
4348,68.7,1830
4349,62.2,1711
4350,57.0,1775
4351,84.7,1893
4352,77.5,1832
4353,83.7,1811
4354,74.8,1777
4355,61.7,1924
4356,85.0,1858
4357,93.7,1826
4358,82.2,1710
4359,69.7,1837
4360,83.7,1823
4361,65.8,1779
4362,90.6,1795
4363,73.7,1901
4364,72.2,1828
4365,47.1,1782
4366,81.5,1783
4367,84.8,1716
4368,63.8,1882
4369,63.1,1820
4370,88.7,1832
4371,88.6,1714
4372,93.2,1810
4373,71.4,1785
4374,90.9,1717
4375,68.2,1849
4376,28.6,1839
4377,50.7,1691
4378,38.6,1838
4379,105.2,1917
4380,55.2,1700
4381,93.4,1814
4382,89.7,1808
4383,47.2,1708
4384,70.5,1802
4385,81.6,1806
4386,71.4,1793
4387,62.7,1741
4388,80.3,1958
4389,74.3,1756
4390,70.6,1818
4391,69.4,1778
4392,79.9,1850
4393,70.4,1949
4394,91.9,1784
4395,55.0,1890
4396,80.5,1813
4397,99.8,1698
4398,54.1,1742
4399,72.1,1818
4400,90.0,1800
4401,73.1,1813
4402,79.4,1785
4403,69.5,1836
4404,86.4,1885
4405,77.4,1710
4406,35.4,1807
4407,68.8,1768
4408,83.9,1808
4409,84.5,1822
4410,80.5,1842
4411,82.1,1758
4412,96.4,1795
4413,63.1,1737
4414,81.1,1852
4415,79.2,1881
4416,51.9,1803
4417,84.4,1706
4418,107.1,1802
4419,79.5,1912
4420,68.9,1787
4421,90.2,1801
4422,58.8,1861
4423,73.9,1709
4424,70.2,1739
4425,91.9,1820
4426,89.8,1813
4427,82.1,1741
4428,57.0,1789
4429,47.1,1835
4430,96.5,1804
4431,87.2,1810
4432,66.9,1727
4433,100.9,1840
4434,75.3,1764
4435,102.8,1743
4436,76.5,1823
4437,75.2,1704
4438,66.8,1829
4439,75.2,1905
4440,85.2,1834
4441,66.7,1823
4442,82.9,1730
4443,82.7,1809
4444,82.4,1752
4445,47.1,1804
4446,62.3,1874
4447,78.6,1766
4448,73.3,1807
4449,99.8,1780
4450,70.6,1877
4451,74.6,1800
4452,83.0,1855
4453,81.6,1841
4454,72.4,1818
4455,62.2,1675
4456,82.4,1798
4457,110.7,1823
4458,84.7,1821
4459,75.3,1866
4460,58.9,1753
4461,92.6,1732
4462,41.7,1796
4463,78.7,1904
4464,64.5,1762
4465,68.4,1873
4466,106.1,1753
4467,79.3,1794
4468,85.4,1835
4469,65.9,1868
4470,101.5,1710
4471,86.2,1853
4472,80.1,1772
4473,74.7,1893
4474,82.0,1843
4475,45.4,1847
4476,69.9,1869
4477,95.8,1687
4478,62.3,1802
4479,75.8,1837
4480,87.5,1743
4481,71.2,1841
4482,82.6,1983
4483,105.4,1786
4484,65.0,1856
4485,72.2,1986
4486,86.1,1835
4487,78.9,1809
4488,92.9,1863
4489,65.9,1909
4490,73.5,1715
4491,76.0,1813
4492,66.2,1772
4493,51.2,1814
4494,54.8,1690
4495,91.9,1791
4496,62.8,1775
4497,67.0,1721
4498,73.9,1785
4499,73.4,1856
4500,90.6,1816
4501,61.4,1835
4502,52.4,1793
4503,63.5,1878
4504,63.2,1816
4505,104.2,1851
4506,81.5,1738
4507,71.0,1807
4508,105.5,1675
4509,96.4,1756
4510,64.2,1855
4511,79.6,1841
4512,73.7,1834
4513,61.0,1742
4514,57.7,1853
4515,79.0,1713
4516,80.6,1789
4517,77.9,1744
4518,49.1,1794
4519,54.4,1755
4520,79.3,1804
4521,67.7,1820
4522,75.9,1950
4523,77.5,1882
4524,74.4,1751
4525,52.8,1751
4526,53.1,1861
4527,68.9,1711
4528,94.0,1799
4529,65.5,1752
4530,87.0,1766
4531,89.2,1761
4532,76.9,1856
4533,81.3,1718
4534,95.4,1843
4535,63.9,1890
4536,55.3,1708
4537,79.2,1806
4538,64.6,1791
4539,78.2,1809
4540,90.9,1684
4541,101.4,1822
4542,80.0,1840
4543,52.8,1813
4544,81.9,1762
4545,49.3,1825
4546,63.0,1810
4547,77.9,1758
4548,90.9,1781
4549,67.0,1767
4550,77.1,1823
4551,106.4,1811
4552,86.4,1863
4553,73.2,1898
4554,74.0,1824
4555,94.6,1828
4556,91.4,1852
4557,86.9,1786
4558,65.7,1852
4559,51.5,1910
4560,70.4,1830
4561,85.6,1783
4562,95.0,1752
4563,65.6,1774
4564,76.0,1708
4565,89.3,1935
4566,48.7,1783
4567,60.2,1816
4568,74.0,1756
4569,99.5,1785
4570,83.6,1740
4571,51.9,1856
4572,83.4,1885
4573,89.5,1764
4574,73.3,1811
4575,82.9,1814
4576,87.0,1836
4577,89.2,1724
4578,46.5,1819
4579,67.6,1834
4580,84.5,1829
4581,75.7,1841
4582,81.2,1771
4583,71.2,1788
4584,77.1,1839
4585,51.8,1782
4586,79.8,1738
4587,86.0,1823
4588,35.2,1863
4589,69.8,1653
4590,87.0,1784
4591,42.1,1832
4592,77.4,1776
4593,98.1,1709
4594,80.8,1802
4595,65.9,1758
4596,93.5,1763
4597,44.7,1776
4598,74.1,1731
4599,85.8,1876
4600,99.5,1735
4601,68.3,1825
4602,83.5,1856
4603,83.9,1863
4604,70.7,1844
4605,81.1,1831
4606,101.4,1786
4607,54.6,1774
4608,79.0,1742
4609,74.3,1682
4610,84.0,1870
4611,67.5,1697
4612,61.9,1836
4613,96.5,1802
4614,76.8,1774
4615,84.0,1808
4616,70.0,1760
4617,84.2,1809
4618,69.3,1835
4619,78.0,1878
4620,69.4,1891
4621,92.4,1822
4622,107.5,1805
4623,74.5,1817
4624,77.1,1798
4625,66.7,1755
4626,50.4,1848
4627,96.2,1890
4628,82.4,1945
4629,72.1,1771
4630,88.0,1804
4631,106.6,1824
4632,77.1,1906
4633,91.3,1834
4634,64.2,1911
4635,68.1,1758
4636,63.5,1744
4637,83.8,1796
4638,79.6,1726
4639,94.1,1726
4640,64.1,1900
4641,49.9,1869
4642,78.0,1836
4643,82.6,1719
4644,73.0,1874
4645,88.0,1875
4646,75.5,1777
4647,70.6,1779
4648,72.6,1791
4649,75.9,1836
4650,80.1,1741
4651,82.8,1851
4652,83.1,1825
4653,72.0,1744
4654,85.3,1792
4655,87.7,1714
4656,74.8,1804
4657,88.9,1788
4658,70.6,2020
4659,81.8,1764
4660,80.0,1757
4661,71.1,1701
4662,83.2,1873
4663,83.7,1820
4664,79.9,1720
4665,102.0,1836
4666,82.1,1764
4667,62.5,1801
4668,55.4,1765
4669,77.7,1827
4670,65.9,1840
4671,59.8,1846
4672,77.3,1808
4673,80.7,1829
4674,69.0,1803
4675,78.7,1738
4676,74.5,1836
4677,81.3,1712
4678,84.5,1715
4679,72.6,1824
4680,82.3,1821
4681,71.7,1798
4682,98.0,1772
4683,49.0,1823
4684,84.1,1925
4685,67.4,1765
4686,81.5,1715
4687,54.4,1882
4688,97.9,1774
4689,68.0,1830
4690,43.5,1779
4691,63.4,1813
4692,93.9,1830
4693,82.6,1864
4694,69.0,1863
4695,67.1,1748
4696,66.6,1716
4697,72.9,1819
4698,93.4,1902
4699,82.8,1786
4700,65.9,1795
4701,68.8,1770
4702,80.5,1678
4703,79.8,1784
4704,107.9,1842
4705,83.7,1751
4706,70.4,1725
4707,75.8,1856
4708,58.4,1745
4709,75.2,1747
4710,61.5,1792
4711,70.6,1931
4712,85.5,1795
4713,90.1,1887
4714,78.4,1688
4715,81.2,1859
4716,78.4,1762
4717,98.2,1699
4718,77.5,1876
4719,66.4,1719
4720,75.2,1803
4721,57.7,1793
4722,68.6,1783
4723,93.3,1872
4724,59.9,1794
4725,82.6,1721
4726,80.2,1716
4727,90.8,1823
4728,87.7,1715
4729,66.4,1816
4730,85.8,1771
4731,94.2,1761
4732,64.8,1779
4733,69.6,1773
4734,57.6,1723
4735,42.7,1815
4736,77.1,1868
4737,61.7,1810
4738,59.4,1854
4739,58.4,1824
4740,83.2,1783
4741,99.4,1702
4742,48.2,1842
4743,56.0,1818
4744,52.6,1768
4745,43.7,1837
4746,79.7,1767
4747,52.6,1898
4748,68.6,1849
4749,65.7,1746
4750,109.5,1850
4751,64.9,1830
4752,66.0,1739
4753,81.7,1903
4754,83.5,1759
4755,89.4,1840
4756,55.0,1810
4757,87.3,1834
4758,78.9,1860
4759,72.7,1846
4760,81.8,1789
4761,101.4,1909
4762,54.3,1773
4763,83.2,1831
4764,65.8,1855
4765,89.2,1774
4766,68.9,1715
4767,80.5,1789
4768,69.0,1768
4769,82.2,1812
4770,69.8,1804
4771,70.2,1896
4772,72.6,1635
4773,79.5,1796
4774,71.6,1827
4775,77.5,1734
4776,63.6,1684
4777,59.5,1775
4778,56.8,1809
4779,54.7,1922
4780,92.2,1750
4781,65.2,1856
4782,70.5,1717
4783,69.6,1938
4784,62.0,1734
4785,58.4,1832
4786,77.1,1797
4787,59.9,1691
4788,73.7,1718
4789,75.2,1780
4790,65.4,1750
4791,43.1,1737
4792,70.0,1805
4793,90.9,1747
4794,79.0,1666
4795,109.9,1839
4796,87.5,1698
4797,100.0,1823
4798,73.2,1787
4799,65.3,1613
4800,69.5,1820
4801,56.3,1788
4802,79.2,1895
4803,86.1,1885
4804,75.5,1828
4805,74.9,1706
4806,45.2,1860
4807,62.7,1747
4808,80.7,1831
4809,57.6,1780
4810,101.5,1893
4811,74.1,1723
4812,47.6,1850
4813,103.6,1882
4814,62.8,1801
4815,99.0,1759
4816,61.9,1797
4817,60.1,1862
4818,78.1,1837
4819,59.2,1798
4820,69.7,1733
4821,57.4,1826
4822,100.9,1772
4823,87.4,1669
4824,81.2,1796
4825,75.6,1782
4826,83.0,1768
4827,88.9,1737
4828,58.1,1812
4829,102.3,1715
4830,68.4,1745
4831,74.7,1855
4832,63.9,1786
4833,86.3,1786
4834,82.2,1815
4835,68.6,1762
4836,89.8,1772
4837,57.8,1806
4838,85.1,1774
4839,53.3,1796
4840,80.3,1762
4841,70.8,1779
4842,63.9,1788
4843,107.6,1862
4844,91.9,1796
4845,59.0,1767
4846,54.3,1688
4847,79.2,1823
4848,99.9,1901
4849,56.1,1802
4850,77.8,1925
4851,81.4,1854
4852,58.3,1862
4853,89.6,1705
4854,85.3,1813
4855,86.8,1701
4856,65.3,1762
4857,67.6,1809
4858,66.8,1785
4859,80.0,1778
4860,87.1,1890
4861,65.3,1825
4862,69.8,1797
4863,78.5,1845
4864,90.3,1794
4865,65.1,1829
4866,68.6,1777
4867,80.7,1742
4868,63.5,1770
4869,87.8,1655
4870,76.6,1856
4871,78.8,1734
4872,90.5,1769
4873,66.3,1822
4874,101.9,1827
4875,72.9,1849
4876,57.2,1745
4877,75.3,1804
4878,73.2,1821
4879,73.8,1801
4880,75.1,1750
4881,80.2,1704
4882,77.8,1811
4883,96.1,1866
4884,49.8,1784
4885,91.4,1772
4886,84.0,1813
4887,88.8,1743
4888,61.2,1854
4889,61.8,1796
4890,91.6,1899
4891,67.2,1890
4892,96.5,1815
4893,87.8,1698
4894,86.0,1865
4895,71.1,1769
4896,64.0,1724
4897,116.9,1741
4898,47.0,1812
4899,72.9,1657
4900,78.5,1944
4901,67.5,1836
4902,84.4,1831
4903,80.2,1928
4904,101.4,1796
4905,84.4,1779
4906,66.1,1767
4907,86.6,1809
4908,92.6,1767
4909,75.6,1791
4910,94.2,1794
4911,61.3,1670
4912,81.4,1839
4913,86.6,1808
4914,86.3,1831
4915,86.6,1676
4916,79.5,1853
4917,87.5,1774
4918,72.9,1734
4919,43.5,1832
4920,69.7,1862
4921,85.2,1902
4922,77.1,1845
4923,90.9,1910
4924,65.6,1739
4925,75.9,1845
4926,54.8,1734
4927,74.9,1763
4928,80.4,1628
4929,61.4,1835
4930,54.5,1720
4931,92.8,1814
4932,93.3,1759
4933,60.6,1832
4934,82.2,1829
4935,100.8,1808
4936,102.1,1763
4937,78.5,1786
4938,63.4,1837
4939,80.5,1941
4940,72.5,1867
4941,74.5,1854
4942,97.4,1718
4943,96.2,1823
4944,64.1,1753
4945,65.4,1723
4946,52.1,1896
4947,92.4,1727
4948,74.5,1824
4949,93.2,1830
4950,60.8,1777
4951,97.2,1768
4952,64.2,1778
4953,81.0,1807
4954,65.9,1725
4955,83.7,1865
4956,89.8,1806
4957,63.8,1789
4958,86.1,1812
4959,54.2,1856
4960,86.7,1678
4961,53.8,1692
4962,49.6,1822
4963,71.4,1830
4964,74.7,1713
4965,86.1,1734
4966,83.6,1778
4967,78.9,1790
4968,59.0,1929
4969,86.3,1819
4970,83.5,1897
4971,90.7,1737
4972,96.1,1699
4973,45.2,1765
4974,68.0,1766
4975,88.2,1820
4976,69.9,1897
4977,100.7,1669
4978,85.0,1939
4979,81.4,1829
4980,72.3,1680
4981,59.0,1829
4982,92.5,1894
4983,74.9,1838
4984,88.8,1793
4985,81.2,1906
4986,85.6,1846
4987,93.0,1872
4988,75.3,1758
4989,51.4,1901
4990,94.5,1857
4991,84.3,1728
4992,100.1,1826
4993,44.4,1767
4994,81.0,1944
4995,120.0,1748
4996,81.3,1782
4997,64.6,1831
4998,66.3,1778
4999,64.3,1794
5000,69.0,1962
